"('one', 'CD')","('of', 'IN')","('the', 'DT')","('most', 'RBS')","('important', 'JJ')"
"('scenses', 'NNS')","('of', 'IN')","('the', 'DT')","('body', 'NN')","('.', '.')"
"('there', 'EX')","('is', 'VBZ')","('any', 'DT')","('hezerds', 'NNS')","('nearby', 'VBP')"
"('is', 'VBZ')","('also', 'RB')","('an', 'DT')","('important', 'JJ')","('scence', 'NN')"
"('automobiles', 'NNS')","(',', ',')","('a', 'DT')","('new', 'JJ')","('harmful', 'JJ')"
"('Becuase', 'NN')","('of', 'IN')","('the', 'DT')","('harmful', 'JJ')","('impacts', 'NNS')"
"('impacts', 'NNS')","('of', 'IN')","('the', 'DT')","('sound', 'NN')","('pollution', 'NN')"
"('parts', 'NNS')","('of', 'IN')","('any', 'DT')","('comuunity', 'NN')","('.', '.')"
"(',', ',')","('and', 'CC')","('the', 'DT')","('govrnement', 'NN')","('are', 'VBP')"
"('negitivly', 'RB')","('by', 'IN')","('the', 'DT')","('production', 'NN')","('of', 'IN')"
"('pollution', 'NN')","('affect', 'NN')","('the', 'DT')","('hearing', 'NN')","('system', 'NN')"
"('system', 'NN')","('in', 'IN')","('the', 'DT')","('body', 'NN')","('only', 'RB')"
"('parts', 'NNS')","('of', 'IN')","('the', 'DT')","('people', 'NNS')","('who', 'WP')"
"('live', 'JJ')","('in', 'IN')","('a', 'DT')","('factory', 'NN')","('inviroment', 'NN')"
"('first', 'VBD')","('reported', 'VBN')","('the', 'DT')","('sound', 'NN')","('polluition', 'NN')"
"('effects', 'NNS')","('on', 'IN')","('the', 'DT')","('ability', 'NN')","('to', 'TO')"
"('hear', 'VB')","('for', 'IN')","('the', 'DT')","('injured', 'VBN')","('victims', 'NNS')"
"('live', 'VB')","('near', 'IN')","('a', 'DT')","('loud', 'NN')","('factory', 'NN')"
"('can', 'MD')","('make', 'VB')","('the', 'DT')","('victim', 'NN')","('hear', 'NN')"
"(',', ',')","('and', 'CC')","('the', 'DT')","('degree', 'NN')","('of', 'IN')"
"('relevent', 'NN')","('to', 'TO')","('the', 'DT')","('amount', 'NN')","('of', 'IN')"
"('time', 'NN')","('that', 'WDT')","('the', 'DT')","('victim', 'NN')","('listen', 'NN')"
"('made', 'VBN')","('by', 'IN')","('a', 'DT')","('car', 'NN')","('enginee', 'NN')"
"('can', 'MD')","('damage', 'VB')","('the', 'DT')","('hearing', 'NN')","('significantly', 'RB')"
"('significantly', 'RB')","('of', 'IN')","('the', 'DT')","('ear', 'JJ')","('listen', 'NN')"
"('listen', 'NN')","('to', 'TO')","('that', 'DT')","('loud', 'NN')","('viose', 'NN')"
"('said', 'VBD')","('that', 'IN')","('any', 'DT')","('sonud', 'NN')","('that', 'IN')"
"('can', 'MD')","('have', 'VB')","('a', 'DT')","('dangrous', 'JJ')","('damege', 'NN')"
"(',', ',')","('and', 'CC')","('the', 'DT')","('heart', 'NN')","('.', '.')"
"('also', 'RB')","('reduces', 'VBZ')","('the', 'DT')","('ability', 'NN')","('to', 'TO')"
"('also', 'RB')","('decrease', 'VB')","('the', 'DT')","('quality', 'NN')","('of', 'IN')"
"('quality', 'NN')","('of', 'IN')","('the', 'DT')","('work', 'NN')","('that', 'IN')"
"('done', 'VBN')","('by', 'IN')","('the', 'DT')","('noise', 'NN')","('pollution', 'NN')"
"(',', ',')","('losses', 'NNS')","('the', 'DT')","('ability', 'NN')","('to', 'TO')"
"('and', 'CC')","('damage', 'NN')","('the', 'DT')","('mental', 'JJ')","('of', 'IN')"
"('mental', 'JJ')","('of', 'IN')","('the', 'DT')","('listening', 'NN')","('victim', 'NN')"

"('issues', 'NNS')","('of', 'IN')","('the', 'DT')","('sound', 'NN')","('pollution', 'NN')"
"('inferred', 'VBN')","('by', 'IN')","('the', 'DT')","('manner', 'NN')","('of', 'IN')"
"('manner', 'NN')","('of', 'IN')","('the', 'DT')","('listeners', 'NNS')","('.', '.')"
"('Berlin', 'NNP')","('reported', 'VBD')","('a', 'DT')","('problem', 'NN')","('with', 'IN')"
"('problem', 'NN')","('with', 'IN')","('a', 'DT')","('bus', 'NN')","('company', 'NN')"
"('pollution', 'NN')","('to', 'TO')","('the', 'DT')","('nearby', 'JJ')","('residents', 'NNS')"
"('suffer', 'VBP')","('from', 'IN')","('the', 'DT')","('sound', 'NN')","('duiring', 'VBG')"
"('sound', 'NN')","('duiring', 'VBG')","('all', 'DT')","('day', 'NN')","('(', ':')"

"('can', 'MD')","('damage', 'VB')","('the', 'DT')","('peoples', 'NNS')","('life', 'VBP')"
"('can', 'MD')","('make', 'VB')","('the', 'DT')","('people', 'NNS')","('shout', 'IN')"
"('talk', 'VB')","('to', 'TO')","('each', 'DT')","('other', 'JJ')","('becuase', 'NN')"
"('becuase', 'NN')","('if', 'IN')","('the', 'DT')","('speak', 'NN')","('quitly', 'RB')"
"('not', 'RB')","('hear', 'VB')","('each', 'DT')","('other', 'JJ')","('.', '.')"
"('can', 'MD')","('reduce', 'VB')","('the', 'DT')","('peoples', 'NNS')","('reaction', 'NN')"
"('notice', 'VB')","('if', 'IN')","('an', 'DT')","('emergancy', 'NN')","('alart', 'NN')"

"('there', 'EX')","('is', 'VBZ')","('a', 'DT')","('lot', 'NN')","('of', 'IN')"
"('rid', 'JJ')","('of', 'IN')","('the', 'DT')","('negitive', 'JJ')","('impacts', 'NNS')"
"('impacts', 'NNS')","('of', 'IN')","('the', 'DT')","('sound', 'NN')","('pollution', 'NN')"

"('sound', 'NN')","('of', 'IN')","('the', 'DT')","('machines', 'NNS')","('should', 'MD')"
"('it', 'PRP')","('costs', 'VBZ')","('a', 'DT')","('lot', 'NN')","('.', '.')"
"('placed', 'VBN')","('far', 'RB')","('a', 'DT')","('way', 'NN')","('from', 'IN')"

"('not', 'RB')","('allow', 'VB')","('any', 'DT')","('factory', 'NN')","('to', 'TO')"
"('neighbours', 'NNS')","('with', 'IN')","('a', 'DT')","('loud', 'NN')","('modified', 'VBN')"

"('hand', 'NN')","(',', ',')","('the', 'DT')","('govrment', 'NN')","('should', 'MD')"
"('that', 'WDT')","('prohibit', 'NN')","('any', 'DT')","('loud', 'NN')","('noise', 'NN')"

"('all', 'DT')","('of', 'IN')","('the', 'DT')","('community', 'NN')","('worked', 'VBD')"
"('to', 'TO')","('eliminate', 'VB')","('the', 'DT')","('sound', 'NN')","('polluiton', 'NN')"
"('polluiton', 'NN')","(',', ',')","('the', 'DT')","('resulats', 'NNS')","('will', 'MD')"
"('will', 'MD')","('found', 'VB')","('a', 'DT')","('more', 'RBR')","('relaxed', 'VBN')"
"('Most', 'JJS')","('of', 'IN')","('the', 'DT')","('problems', 'NNS')","('between', 'IN')"
"('avoided', 'VBN')","('becuase', 'NN')","('each', 'DT')","('one', 'CD')","('of', 'IN')"
"('will', 'MD')","('have', 'VB')","('the', 'DT')","('ability', 'NN')","('to', 'TO')"
"('will', 'MD')","('have', 'VB')","('a', 'DT')","('better', 'JJR')","('and', 'CC')"
"('pollution', 'NN')","('is', 'VBZ')","('a', 'DT')","('problem', 'NN')","('that', 'WDT')"
"('It', 'PRP')","('has', 'VBZ')","('a', 'DT')","('negitive', 'JJ')","('influance', 'NN')"
"('influance', 'NN')","('in', 'IN')","('the', 'DT')","('peoblem', 'NN')","('themselves', 'PRP')"
"('most', 'RBS')","('of', 'IN')","('the', 'DT')","('people', 'NNS')","('in', 'IN')"
"('what', 'WP')","('is', 'VBZ')","('the', 'DT')","('most', 'RBS')","('annoying', 'VBG')"
"('answer', 'VB')","('you', 'PRP')","('the', 'DT')","('train', 'NN')","('.', '.')"

"('came', 'VBD')","('after', 'IN')","('the', 'DT')","('continuous', 'JJ')","('suffering', 'NN')"
"('suffering', 'NN')","('from', 'IN')","('the', 'DT')","('boisturous', 'JJ')","('train', 'NN')"
"('reduced', 'VBN')","('to', 'TO')","('the', 'DT')","('minimum', 'JJ')","('or', 'CC')"
"('exposure', 'NN')","('to', 'TO')","('a', 'DT')","('high', 'JJ')","('level', 'NN')"
"('will', 'MD')","('cause', 'VB')","('a', 'DT')","('temporary', 'JJ')","('or', 'CC')"
"('and', 'CC')","('causes', 'NNS')","('a', 'DT')","('mental', 'JJ')","('and', 'CC')"
"('can', 'MD')","('be', 'VB')","('a', 'DT')","('risky', 'JJ')","('task', 'NN')"
"('level', 'NN')","('with', 'IN')","('a', 'DT')","('high', 'JJ')","('noise', 'NN')"
"('can', 'MD')","('cause', 'VB')","('a', 'DT')","('serious', 'JJ')","('damge', 'NN')"
"('damge', 'NN')","('to', 'TO')","('the', 'DT')","('internal', 'JJ')","('ear', 'NN')"
"('depending', 'NN')","('on', 'IN')","('the', 'DT')","('length', 'NN')","('of', 'IN')"
"('hours', 'NNS')","('in', 'IN')","('any', 'DT')","('twenty-four', 'JJ')","('hours', 'NNS')"
"('five', 'CD')","('days', 'NNS')","('a', 'DT')","('week', 'NN')","('can', 'MD')"
"('continues', 'VBZ')","('over', 'IN')","('a', 'DT')","('period', 'NN')","('of', 'IN')"

"('seriousity', 'NN')","('of', 'IN')","('the', 'DT')","('noise', 'NN')","('should', 'MD')"
"('especially', 'RB')","('for', 'IN')","('the', 'DT')","('workers', 'NNS')","('who', 'WP')"
"('working', 'VBG')","('in', 'IN')","('a', 'DT')","('loud', 'NN')","('and', 'CC')"
"('affected', 'VBN')","('by', 'IN')","('the', 'DT')","('high', 'JJ')","('levels', 'NNS')"
"('working', 'VBG')","('in', 'IN')","('a', 'DT')","('loud', 'NN')","('and', 'CC')"
"('leads', 'VBZ')","('to', 'TO')","('the', 'DT')","('difficulty', 'NN')","('to', 'TO')"
"('in', 'IN')","('doing', 'NN')","('the', 'DT')","('work', 'NN')","('.', '.')"
"('addition', 'NN')","('to', 'TO')","('that', 'DT')","(',', ',')","('companies', 'NNS')"
"('just', 'RB')","('for', 'IN')","('the', 'DT')","('worker', 'NN')","('productivity', 'NN')"
"('but', 'CC')","('also', 'RB')","('the', 'DT')","('should', 'MD')","('take', 'VB')"
"('accidents', 'NNS')","('to', 'TO')","('the', 'DT')","('lives', 'NNS')","('and', 'CC')"
"('loss', 'NN')","('for', 'IN')","('the', 'DT')","('companies', 'NNS')","('.', '.')"
"('one', 'CD')","('of', 'IN')","('the', 'DT')","('psycological', 'JJ')","('and', 'CC')"
"('comes', 'VBZ')","('from', 'IN')","('those', 'DT')","('people', 'NNS')","('who', 'WP')"
"('listen', 'VB')","('to', 'TO')","('the', 'DT')","('loud', 'NN')","('music', 'NN')"
"('to', 'TO')","('hearing', 'NN')","('the', 'DT')","('loud', 'NN')","('sounds', 'VBZ')"

"('the', 'DT')","('contrary', 'NN')","('those', 'DT')","('who', 'WP')","('oppose', 'VBP')"
"('can', 'MD')","('cause', 'VB')","('a', 'DT')","('mental', 'JJ')","('and', 'CC')"
"('issues', 'NNS')","('to', 'TO')","('the', 'DT')","('people', 'NNS')","('.', '.')"
"('experience', 'NN')","('with', 'IN')","('the', 'DT')","('trains', 'NNS')","('sounds', 'VBZ')"
"('repeate', 'VB')","('in', 'IN')","('the', 'DT')","('future', 'NN')","(',', ',')"
"('even', 'RB')","('for', 'IN')","('the', 'DT')","('tiny', 'NN')","('things', 'NNS')"
"(',', ',')","('and', 'CC')","('the', 'DT')","('false', 'NN')","('judging', 'VBG')"
"('judging', 'VBG')","('to', 'TO')","('some', 'DT')","('personal', 'JJ')","('situations', 'NNS')"
"(',', ',')","('in', 'IN')","('an', 'DT')","('investigation', 'NN')","('by', 'IN')"
"('to', 'TO')","('reduce', 'VB')","('the', 'DT')","('noise', 'NN')","('caused', 'VBD')"
"(',', ',')","('on', 'IN')","('the', 'DT')","('other', 'JJ')","('hand', 'NN')"
"('complains', 'VBZ')","('from', 'IN')","('the', 'DT')","('noise', 'NN')","('and', 'CC')"
"('have', 'VBP')","('taken', 'VBN')","('a', 'DT')","('situation', 'NN')","('from', 'IN')"
"('they', 'PRP')","('refuse', 'VBP')","('any', 'DT')","('efforts', 'NNS')","('to', 'TO')"
"('rid', 'JJ')","('of', 'IN')","('the', 'DT')","('noise', 'NN')","('.', '.')"
"('is', 'VBZ')","('becoming', 'VBG')","('a', 'DT')","('serious', 'JJ')","('problem', 'NN')"
"('problem', 'NN')","('to', 'TO')","('the', 'DT')","('people', 'NNS')","('everday', 'NN')"
"('suffering', 'VBG')","('from', 'IN')","('this', 'DT')","('recent', 'JJ')","('issue', 'NN')"
"('consequences', 'NNS')","('on', 'IN')","('the', 'DT')","('people', 'NNS')","('lives', 'VBZ')"
"('to', 'TO')","('find', 'VB')","('a', 'DT')","('conveinent', 'NN')","('solution', 'NN')"
"('solution', 'NN')","('for', 'IN')","('the', 'DT')","('noise', 'NN')","('environment', 'NN')"
"('suitable', 'JJ')","('to', 'TO')","('each', 'DT')","('type', 'NN')","('of', 'IN')"
"('people', 'NNS')","('avoid', 'VB')","('the', 'DT')","('nearby', 'JJ')","('noises', 'NNS')"
"('complain', 'VBP')","('about', 'IN')","('the', 'DT')","('noises', 'NNS')","('that', 'WDT')"
"('People', 'NNS')","('think', 'VBP')","('these', 'DT')","('noises', 'NNS')","('ca', 'MD')"
"('however', 'RB')","(',', ',')","('some', 'DT')","('noises', 'NNS')","('come', 'VBP')"
"('will', 'MD')","('cause', 'VB')","('a', 'DT')","('econamic', 'JJ')","('loss', 'NN')"
"('loss', 'NN')","('for', 'IN')","('these', 'DT')","('compnies', 'NNS')","('.', '.')"
"('rid', 'JJ')","('of', 'IN')","('these', 'DT')","('noise', 'NN')","('pollution', 'NN')"
"('they', 'PRP')","('cause', 'VBP')","('a', 'DT')","('very', 'RB')","('harmful', 'JJ')"
"(',', ',')","('and', 'CC')","('these', 'DT')","('noises', 'NNS')","('should', 'MD')"
"('noises', 'NNS')","('during', 'IN')","('the', 'DT')","('day', 'NN')","('and', 'CC')"
"('things', 'NNS')","('that', 'WDT')","('the', 'DT')","('ear', 'NN')","('could', 'MD')"
"('According', 'VBG')","('to', 'TO')","('the', 'DT')","('article', 'NN')","('``', '``')"
"(',', ',')","(""''"", ""''"")","('the', 'DT')","('author', 'NN')","('Daivid', 'NNP')"
"('can', 'MD')","('affect', 'VB')","('the', 'DT')","('ear', 'NN')","('.', '.')"
"(""''"", ""''"")","('decreases', 'NNS')","('the', 'DT')","('ability', 'NN')","('to', 'TO')"
"('meassring', 'VBG')","('``', '``')","('the', 'DT')","('power', 'NN')","('of', 'IN')"
"('hours', 'NNS')","('on', 'IN')","('a', 'DT')","('day', 'NN')","('for', 'IN')"
"('can', 'MD')","('cause', 'VB')","('a', 'DT')","('``', '``')","('permanent', 'JJ')"
"('noise', 'NN')","('during', 'IN')","('the', 'DT')","('day', 'NN')","('and', 'CC')"
"(""''"", ""''"")","('and', 'CC')","('some', 'DT')","('of', 'IN')","('them', 'PRP')"
"('it', 'PRP')","('from', 'IN')","('the', 'DT')","('neihborhoods', 'NNS')","('to', 'TO')"
"('to', 'TO')","('avoid', 'VB')","('this', 'DT')","('serious', 'JJ')","('problem', 'NN')"

"('it', 'PRP')","('affects', 'VBZ')","('the', 'DT')","('the', 'DT')","('people', 'NNS')"
"('affects', 'VBZ')","('the', 'DT')","('the', 'DT')","('people', 'NNS')","(""'s"", 'POS')"
"('may', 'MD')","('cause', 'VB')","('some', 'DT')","('diseases', 'NNS')","('and', 'CC')"
"('pollution', 'NN')","('affects', 'NNS')","('the', 'DT')","('brain', 'NN')","(',', ',')"
"('heart', 'NN')","(',', ',')","('the', 'DT')","('breath', 'NN')","(',', ',')"

"('researches', 'NNS')","('did', 'VBD')","('an', 'DT')","('experiment', 'NN')","('in', 'IN')"

"('might', 'MD')","('cause', 'VB')","('some', 'DT')","('diseases', 'NNS')","('.', '.')"

"('working', 'VBG')","('in', 'IN')","('this', 'DT')","('problem', 'NN')","('to', 'TO')"
"('eliminated', 'VBN')","('from', 'IN')","('all', 'DT')","('neiborhoods', 'NNS')","('espically', 'RB')"

"('problem', 'NN')","('faced', 'VBD')","('the', 'DT')","('children', 'NNS')","(',', ',')"
"('might', 'MD')","('be', 'VB')","('a', 'DT')","('big', 'JJ')","('problem', 'NN')"
"('might', 'MD')","('have', 'VB')","('a', 'DT')","('``', '``')","('permanent', 'JJ')"
"('and', 'CC')","('thats', 'NNS')","('a', 'DT')","('serious', 'JJ')","('problem', 'NN')"
"('up', 'RP')","('with', 'IN')","('some', 'DT')","('hearing', 'NN')","('problems', 'NNS')"
"('one', 'CD')","('of', 'IN')","('the', 'DT')","('most', 'RBS')","('important', 'JJ')"
"('people', 'NNS')","('live', 'JJ')","('a', 'DT')","('regular', 'JJ')","('life', 'NN')"
"('futhermore', 'IN')","(',', ',')","('some', 'DT')","('people', 'NNS')","('come', 'VBP')"
"(',', ',')","('but', 'CC')","('these', 'DT')","('noises', 'NNS')","('could', 'MD')"

"(',', ',')","(""''"", ""''"")","('the', 'DT')","('author', 'NN')","('James', 'NNP')"
"('Berlin', 'NNP')","('explain', 'NN')","('a', 'DT')","('noisy', 'NN')","('busses', 'VBZ')"
"('come', 'NN')","('across', 'IN')","('a', 'DT')","('specific', 'JJ')","('neiborhood', 'NN')"
"('claims', 'VBZ')","('that', 'IN')","('some', 'DT')","('people', 'NNS')","('have', 'VBP')"
"('noise', 'NN')","('from', 'IN')","('the', 'DT')","('busses', 'NNS')","(""''"", ""''"")"
"(""''"", ""''"")","('and', 'CC')","('some', 'DT')","('people', 'NNS')","('claims', 'VBZ')"
"('night', 'NN')","('and', 'CC')","('the', 'DT')","('morning', 'NN')","('.', '.')"
"('Thus', 'RB')","(',', ',')","('these', 'DT')","('noises', 'NNS')","('cause', 'VBP')"
"('them', 'PRP')","('from', 'IN')","('the', 'DT')","('neigborhoods', 'NNS')","('.', '.')"
"('conclusion', 'NN')","(',', ',')","('these', 'DT')","('noises', 'NNS')","('cant', 'VBP')"
"('be', 'VB')","('in', 'IN')","('a', 'DT')","('neighborhood', 'NN')","('that', 'WDT')"
"('pollution', 'NN')","('from', 'IN')","('the', 'DT')","('communities', 'NNS')","('is', 'VBZ')"
"('communities', 'NNS')","('is', 'VBZ')","('a', 'DT')","('good', 'JJ')","('idea', 'NN')"
"('not', 'RB')","('have', 'VB')","('these', 'DT')","('noises', 'NNS')","('.', '.')"
"('and', 'CC')","('also', 'RB')","('the', 'DT')","('the', 'DT')","('workplaces', 'NNS')"
"('also', 'RB')","('the', 'DT')","('the', 'DT')","('workplaces', 'NNS')","('because', 'IN')"
"('peace', 'NN')","('and', 'CC')","('no', 'DT')","('noises', 'NNS')","('and', 'CC')"
"('work', 'VB')","('without', 'IN')","('any', 'DT')","('interruption', 'NN')","('and', 'CC')"
"('interruption', 'NN')","('and', 'CC')","('no', 'DT')","('complains', 'NNS')","('.', '.')"
"('is', 'VBZ')","('such', 'JJ')","('a', 'DT')","('dangerous', 'JJ')","('thing', 'NN')"
"('that', 'WDT')","('threatenes', 'VBZ')","('either', 'DT')","('human', 'NN')","('beings', 'NNS')"
"('There', 'EX')","('is', 'VBZ')","('no', 'DT')","('doubt', 'NN')","('that', 'IN')"
"('one', 'CD')","('of', 'IN')","('the', 'DT')","('most', 'RBS')","('serious', 'JJ')"
"('that', 'WDT')","('people', 'NNS')","('all', 'DT')","('around', 'IN')","('the', 'DT')"
"('all', 'DT')","('around', 'IN')","('the', 'DT')","('world', 'NN')","('have', 'VBP')"

"('doing', 'VBG')","('such', 'JJ')","('a', 'DT')","('great', 'JJ')","('job', 'NN')"
"('to', 'TO')","('eliminate', 'VB')","('this', 'DT')","('chronic', 'JJ')","('problem', 'NN')"
"('by', 'IN')","('creating', 'NN')","('some', 'DT')","('alternatives', 'NNS')","('that', 'WDT')"
"('ride', 'JJ')","('of', 'IN')","('this', 'DT')","('problem', 'NN')","('.', '.')"
"('has', 'VBZ')","('become', 'VBN')","('an', 'DT')","('obstacle', 'NN')","('a', 'DT')"
"('an', 'DT')","('obstacle', 'NN')","('a', 'DT')","('lot', 'NN')","('of', 'IN')"
"('effects', 'NNS')","('in', 'IN')","('this', 'DT')","('wordly', 'RB')","('life', 'NN')"
"('also', 'RB')","('change', 'VB')","('the', 'DT')","('size', 'NN')","('of', 'IN')"
"('problems', 'NNS')","('to', 'TO')","('the', 'DT')","('hearing', 'NN')","('of', 'IN')"
"('There', 'EX')","('is', 'VBZ')","('another', 'DT')","('issue', 'NN')","('James', 'NNP')"
"('Berlin', 'NNP')","(',', ',')","('some', 'DT')","('residents', 'NNS')","('are', 'VBP')"
"('about', 'IN')","('round', 'NN')","('the', 'DT')","('clock', 'NN')","('noise', 'NN')"

"('by', 'IN')","('making', 'VBG')","('some', 'DT')","('noise', 'NN')","('and', 'CC')"
"('not', 'RB')","('give', 'VB')","('the', 'DT')","('chance', 'NN')","('for', 'IN')"
"('adds', 'VBZ')","('that', 'IN')","('this', 'DT')","('problem', 'NN')","('will', 'MD')"
"('common', 'JJ')","('in', 'IN')","('the', 'DT')","('local', 'JJ')","('communities', 'NNS')"
"('not', 'RB')","('follow', 'VB')","('the', 'DT')","('established', 'JJ')","('operating', 'NN')"
"('addition', 'NN')","('to', 'TO')","('that', 'DT')","(',', ',')","('some', 'DT')"
"('that', 'DT')","(',', ',')","('some', 'DT')","('drivers', 'NNS')","('do', 'VBP')"
"('problems', 'NNS')","('in', 'IN')","('the', 'DT')","('future', 'NN')","('.', '.')"
"('away', 'RB')","('from', 'IN')","('the', 'DT')","('neggative', 'JJ')","('effects', 'NNS')"
"('Fisher', 'NNP')","('demonstrates', 'VBZ')","('this', 'DT')","('crucial', 'JJ')","('point', 'NN')"
"('can', 'MD')","('offer', 'VB')","('some', 'DT')","('devices', 'NNS')","('for', 'IN')"
"('them', 'PRP')","('reducing', 'VBG')","('the', 'DT')","('level', 'NN')","('of', 'IN')"
"('also', 'RB')","('give', 'VB')","('the', 'DT')","('chance', 'NN')","('for', 'IN')"
"('also', 'RB')","('suggests', 'VBZ')","('the', 'DT')","('best', 'JJS')","('way', 'NN')"
"('possible', 'JJ')","('and', 'CC')","('this', 'DT')","('mission', 'NN')","('can', 'MD')"
"('are', 'VBP')","('following', 'VBG')","('the', 'DT')","('rules', 'NNS')","('that', 'WDT')"
"('off', 'RP')","('before', 'IN')","('the', 'DT')","('three', 'CD')","('times', 'NNS')"

"('that', 'IN')","('``', '``')","('The', 'DT')","('noise', 'NN')","('is', 'VBZ')"
"('three', 'CD')","('times', 'NNS')","('the', 'DT')","('Environmental', 'NNP')","('Protection', 'NNP')"
"('had', 'VBD')","('followed', 'VBN')","('these', 'DT')","('important', 'JJ')","('structions', 'NNS')"
"('Indeed', 'RB')","(',', ',')","('these', 'DT')","('important', 'JJ')","('solutions', 'NNS')"
"('on', 'IN')","('putting', 'VBG')","('some', 'DT')","('strict', 'JJ')","('laws', 'NNS')"
"('but', 'CC')","('in', 'IN')","('the', 'DT')","('specialist', 'NN')","('places', 'NNS')"
"('should', 'MD')","('give', 'VB')","('some', 'DT')","('advise', 'NN')","('to', 'TO')"
"('them', 'PRP')","('to', 'TO')","('the', 'DT')","('right', 'NN')","('way', 'NN')"
"('pollution', 'NN')","('is', 'VBZ')","('a', 'DT')","('serious', 'JJ')","('topic', 'JJ')"
"('serious', 'JJ')","('topic', 'JJ')","('every', 'DT')","('single', 'JJ')","('person', 'NN')"
"('because', 'IN')","('of', 'IN')","('the', 'DT')","('neggative', 'JJ')","('effects', 'NNS')"
"('to', 'TO')","('eliminate', 'VB')","('this', 'DT')","('problem', 'NN')","('.', '.')"
"('can', 'MD')","('cause', 'VB')","('some', 'DT')","('serious', 'JJ')","('damages', 'NNS')"
"('damages', 'NNS')","('to', 'TO')","('the', 'DT')","('human', 'JJ')","('body', 'NN')"
"('due', 'JJ')","('to', 'TO')","('the', 'DT')","('fact', 'NN')","('that', 'IN')"
"('occuring', 'VBG')","(',', ',')","('these', 'DT')","('problems', 'NNS')","('usually', 'RB')"
"('up', 'RP')","('and', 'CC')","('all', 'DT')","('you', 'PRP')","('could', 'MD')"
"('wake', 'VB')","('up', 'RP')","('every', 'DT')","('morning', 'NN')","('stressed', 'VBD')"
"('because', 'IN')","('of', 'IN')","('the', 'DT')","('noise', 'NN')","('that', 'IN')"
"('sleeping', 'VBG')","('on', 'IN')","('the', 'DT')","('first', 'JJ')","('hand', 'NN')"
"('noise', 'VBP')","('is', 'VBZ')","('a', 'DT')","('health', 'NN')","('hazard', 'NN')"
"('because', 'IN')","('of', 'IN')","('that', 'DT')","(',', ',')","('you', 'PRP')"
"('to', 'TO')","('ask', 'VB')","('an', 'DT')","('expert', 'NN')","('on', 'IN')"
"('pollution', 'NN')","('for', 'IN')","('that', 'DT')","('this', 'DT')","('problem', 'NN')"
"('for', 'IN')","('that', 'DT')","('this', 'DT')","('problem', 'NN')","('is', 'VBZ')"
"('have', 'VBP')","('taken', 'VBN')","('a', 'DT')","('serious', 'JJ')","('act', 'NN')"
"('example', 'NN')","(',', ',')","('an', 'DT')","('article', 'NN')","('by', 'IN')"
"('Berlin', 'NNP')","('gives', 'VBZ')","('the', 'DT')","('example', 'NN')","('of', 'IN')"
"('down', 'IN')","('on', 'IN')","('the', 'DT')","('noise', 'NN')","('of', 'IN')"
"('Weather', 'NNP')","('supported', 'VBD')","('the', 'DT')","('people', 'NNS')","('and', 'CC')"
"('one', 'CD')","('of', 'IN')","('the', 'DT')","('rides', 'NNS')","('to', 'TO')"
"('check', 'VB')","('on', 'IN')","('these', 'DT')","('regulations', 'NNS')","('for', 'IN')"
"('regulations', 'NNS')","('for', 'IN')","('the', 'DT')","('buses', 'NNS')","(',', ',')"
"(',', ',')","('and', 'CC')","('this', 'DT')","('led', 'VBN')","('the', 'DT')"
"('this', 'DT')","('led', 'VBN')","('the', 'DT')","('county', 'NN')","('officials', 'NNS')"
"('and', 'CC')","('launching', 'VBG')","('an', 'DT')","('investigation', 'NN')","('and', 'CC')"
"('has', 'VBZ')","('issued', 'VBN')","('a', 'DT')","('statement', 'NN')","('acknowledging', 'VBG')"

"('moral', 'JJ')","('of', 'IN')","('this', 'DT')","('story', 'NN')","('is', 'VBZ')"
"(',', ',')","('with', 'IN')","('all', 'DT')","('this', 'DT')","('noise', 'NN')"
"('with', 'IN')","('all', 'DT')","('this', 'DT')","('noise', 'NN')","(',', ',')"
"('to', 'TO')","('eliminate', 'VB')","('any', 'DT')","('kind', 'NN')","('of', 'IN')"
"('are', 'VBP')","('facing', 'VBG')","('this', 'DT')","('problem', 'NN')","('or', 'CC')"
"(',', ',')","('take', 'VBP')","('a', 'DT')","('serious', 'JJ')","('act', 'NN')"
"('behind', 'IN')","('is', 'VBZ')","('the', 'DT')","('first', 'JJ')","('of', 'IN')"
"('it', 'PRP')","(""'s"", 'VBZ')","('a', 'DT')","('good', 'JJ')","('thing', 'NN')"
"('which', 'WDT')","('is', 'VBZ')","('a', 'DT')","('company', 'NN')","('that', 'WDT')"
"('has', 'VBZ')","('established', 'VBN')","('a', 'DT')","('superhero', 'NN')","('named', 'VBN')"
"('who', 'WP')","('has', 'VBZ')","('the', 'DT')","('ability', 'NN')","('to', 'TO')"
"('made', 'VBN')","('him', 'PRP')","('the', 'DT')","('villain', 'NN')","('due', 'JJ')"
"('at', 'IN')","('people', 'NNS')","('all', 'DT')","('the', 'DT')","('time', 'NN')"
"('people', 'NNS')","('all', 'DT')","('the', 'DT')","('time', 'NN')","('believing', 'VBG')"
"('headaches', 'NNS')","('after', 'IN')","('a', 'DT')","('long', 'JJ')","('day', 'NN')"
"('which', 'WDT')","(',', ',')","('the', 'DT')","('lower', 'JJR')","('the', 'DT')"
"('the', 'DT')","('lower', 'JJR')","('the', 'DT')","('noise', 'NN')","('is', 'VBZ')"
"('noise', 'NN')","('is', 'VBZ')","('the', 'DT')","('fewer', 'JJR')","('chances', 'NNS')"
"('will', 'MD')","('affect', 'VB')","('the', 'DT')","('human', 'JJ')","('integral', 'JJ')"
"('will', 'MD')","('reduce', 'VB')","('the', 'DT')","('number', 'NN')","('of', 'IN')"
"('may', 'MD')","('causes', 'NNS')","('the', 'DT')","('employees', 'NNS')","('affected', 'VBD')"
"('to', 'TO')","('file', 'VB')","('a', 'DT')","('case', 'NN')","('against', 'IN')"
"('case', 'NN')","('against', 'IN')","('the', 'DT')","('owner', 'NN')","('of', 'IN')"
"('owner', 'NN')","('of', 'IN')","('the', 'DT')","('company', 'NN')","('in', 'IN')"
"('many', 'JJ')","('of', 'IN')","('these', 'DT')","('prblems', 'NNS')","('from', 'IN')"
"('red', 'VBD')","('of', 'IN')","('the', 'DT')","('source', 'NN')","('of', 'IN')"
"('source', 'NN')","('of', 'IN')","('the', 'DT')","('pollution', 'NN')","('.', '.')"
"('ears', 'NNS')","('in', 'IN')","('the', 'DT')","('work', 'NN')","('feild', 'NN')"
"('so', 'RB')","('take', 'VB')","('all', 'DT')","('the', 'DT')","('chances', 'NNS')"
"('take', 'VB')","('all', 'DT')","('the', 'DT')","('chances', 'NNS')","('of', 'IN')"
"('and', 'CC')","('stop', 'VB')","('the', 'DT')","('pollution', 'NN')","('for', 'IN')"
"('productivity', 'NN')","('and', 'CC')","('a', 'DT')","('healthy', 'JJ')","('life', 'NN')"


"('which', 'WDT')","('help', 'NN')","('the', 'DT')","('humanity', 'NN')","('to', 'TO')"
"(',', ',')","('but', 'CC')","('the', 'DT')","('brutal', 'JJ')","('truth', 'NN')"
"('truth', 'NN')","('that', 'WDT')","('those', 'DT')","(',', ',')","('who', 'WP')"
"('one', 'CD')","('of', 'IN')","('the', 'DT')","('most', 'RBS')","('important', 'JJ')"
"('by', 'IN')","('increasing', 'VBG')","('the', 'DT')","('level', 'NN')","('of', 'IN')"
"('sounds', 'NNS')","('in', 'IN')","('the', 'DT')","('environment', 'NN')","('.', '.')"
"('James', 'NNP')","(',', ',')","('a', 'DT')","('reporter', 'NN')","('in', 'IN')"
"('heath', 'NN')","('in', 'IN')","('both', 'DT')","('aspects', 'NNS')","('mentally', 'RB')"
"('sources', 'NNS')","('of', 'IN')","('the', 'DT')","('noise', 'NN')","('they', 'PRP')"

"('it', 'PRP')","('damges', 'VBZ')","('the', 'DT')","('health', 'NN')","('such', 'JJ')"
"('as', 'IN')","('reducing', 'NN')","('the', 'DT')","('ability', 'NN')","('of', 'IN')"
"('to', 'TO')","('face', 'VB')","('this', 'DT')","('problem', 'NN')","('.', '.')"
"('addtion', 'NN')","(',', ',')","('the', 'DT')","('mixmum', 'NN')","('level', 'NN')"
"('measure', 'NN')","('of', 'IN')","('the', 'DT')","('power', 'NN')","('of', 'IN')"
"('less', 'JJR')","('than', 'IN')","('the', 'DT')","('people', 'NNS')","('who', 'WP')"
"('one', 'CD')","('of', 'IN')","('the', 'DT')","('necessary', 'JJ')","('issue', 'NN')"
"('issue', 'NN')","('in', 'IN')","('any', 'DT')","('community', 'NN')","(',', ',')"
"('to', 'TO')","('solve', 'VB')","('this', 'DT')","('proplem', 'NN')","('by', 'IN')"
"('seems', 'VBZ')","('tha', 'NN')","('the', 'DT')","('pace', 'NN')","('of', 'IN')"
"('Peak', 'NNP')","(',', ',')","('the', 'DT')","('Monty', 'NNP')","('County', 'NNP')"
"('concerned', 'VBN')","('about', 'IN')","('that', 'DT')","('when', 'WRB')","('people', 'NNS')"
"('to', 'TO')","('solve', 'VB')","('this', 'DT')","('problem', 'NN')","('(', ':')"

"('looked', 'VBN')","('at', 'IN')","('the', 'DT')","('the', 'DT')","('cause', 'NN')"
"('at', 'IN')","('the', 'DT')","('the', 'DT')","('cause', 'NN')","('of', 'IN')"
"('cause', 'NN')","('of', 'IN')","('that', 'DT')","(',', ',')","('they', 'PRP')"
"('is', 'VBZ')","('playing', 'VBG')","('a', 'DT')","('great', 'JJ')","('role', 'NN')"
"('role', 'NN')","('in', 'IN')","('the', 'DT')","('making', 'VBG')","('people', 'NNS')"

"('quiet', 'JJ')","('becsue', 'NN')","('all', 'DT')","('their', 'PRP$')","('day', 'NN')"
"('results', 'NNS')","('of', 'IN')","('a', 'DT')","('study', 'NN')","('done', 'NN')"
"(',', ',')","('found', 'VBD')","('some', 'DT')","('negative', 'JJ')","('effecst', 'NN')"
"('humans', 'NNS')","(',', ',')","('the', 'DT')","('propencity', 'NN')","('of', 'IN')"
"('pollution', 'NN')","('is', 'VBZ')","('an', 'DT')","('essential', 'JJ')","('issue', 'NN')"
"('long', 'RB')","('as', 'IN')","('the', 'DT')","('indusrty', 'NN')","('of', 'IN')"
"('to', 'TO')","('reduce', 'VB')","('the', 'DT')","('noise', 'NN')","('in', 'IN')"
"('or', 'CC')","('redesigning', 'VBG')","('the', 'DT')","('machines', 'NNS')","('.', '.')"
"('headsets', 'NNS')","('for', 'IN')","('the', 'DT')","('workers', 'NNS')","('to', 'TO')"
"('them', 'PRP')","('from', 'IN')","('the', 'DT')","('dangerous', 'JJ')","('effects', 'NNS')"

"('to', 'TO')","('reduce', 'VB')","('the', 'DT')","('number', 'NN')","('of', 'IN')"
"('workers', 'NNS')","('in', 'IN')","('the', 'DT')","('future', 'NN')","('bcause', 'NN')"
"('future', 'NN')","('bcause', 'NN')","('those', 'DT')","('equipments', 'NNS')","('work', 'VBP')"
"('to', 'TO')","('protect', 'VB')","('the', 'DT')","('workers', 'NNS')","('.', '.')"
"('addtion', 'NN')","(',', ',')","('the', 'DT')","('desingers', 'NNS')","('have', 'VBP')"
"('have', 'VBP')","('made', 'VBN')","('a', 'DT')","('new', 'JJ')","('equipment', 'NN')"
"('to', 'TO')","('reduse', 'VB')","('the', 'DT')","('noise', 'NN')","('from', 'IN')"
"('that', 'IN')","('is', 'VBZ')","('the', 'DT')","('best', 'JJS')","('way', 'NN')"
"('to', 'TO')","('eleminate', 'VB')","('the', 'DT')","('noise', 'NN')","('pollution', 'NN')"
"('Moreover', 'RB')","(',', ',')","('the', 'DT')","('future', 'NN')","('of', 'IN')"
"('noise', 'NN')","('is', 'VBZ')","('an', 'DT')","('important', 'JJ')","('issue', 'NN')"
"('health', 'NN')","('in', 'IN')","('the', 'DT')","('two', 'CD')","('aspects', 'NNS')"
"('one', 'CD')","('of', 'IN')","('the', 'DT')","('most', 'RBS')","('common', 'JJ')"
"('Moreover', 'RB')","(',', ',')","('the', 'DT')","('diclination', 'NN')","('in', 'IN')"
"('help', 'VB')","('solve', 'JJ')","('this', 'DT')","('issue', 'NN')","('by', 'IN')"
"('to', 'TO')","('reduce', 'VB')","('the', 'DT')","('noise', 'NN')","('pollution', 'NN')"
"('live', 'VB')","('in', 'IN')","('a', 'DT')","('modren', 'NN')","('city', 'NN')"
"('even', 'RB')","('in', 'IN')","('a', 'DT')","('good', 'JJ')","('place', 'NN')"
"('place', 'NN')","('in', 'IN')","('the', 'DT')","('country', 'NN')","('side', 'NN')"
"('live', 'VB')","('in', 'IN')","('a', 'DT')","('modren', 'NN')","('place', 'NN')"
"('place', 'NN')","('in', 'IN')","('a', 'DT')","('city', 'NN')","('such', 'JJ')"
"('such', 'JJ')","('as', 'IN')","('a', 'DT')","('quiet', 'JJ')","('life', 'NN')"
"('are', 'VBP')","('in', 'IN')","('a', 'DT')","('modren', 'NN')","('city', 'NN')"
"('city', 'NN')","('with', 'IN')","('all', 'DT')","('kind', 'NN')","('of', 'IN')"
"('quiet', 'JJ')","('life', 'NN')","('any', 'DT')","('more', 'RBR')","('.', '.')"
"('complain', 'NN')","('about', 'IN')","('the', 'DT')","('noises', 'NNS')","('that', 'WDT')"
"('pollution', 'NN')","('is', 'VBZ')","('a', 'DT')","('new', 'JJ')","('problem', 'NN')"
"('born', 'VBN')","('by', 'IN')","('the', 'DT')","('development', 'NN')","('in', 'IN')"
"('may', 'MD')","('lessen', 'VB')","('the', 'DT')","('souriness', 'NN')","('of', 'IN')"
"('souriness', 'NN')","('of', 'IN')","('this', 'DT')","('problem', 'NN')","(',', ',')"
"('could', 'MD')","('harm', 'VB')","('the', 'DT')","('human', 'JJ')","('being', 'VBG')"
"('for', 'IN')","('why', 'WRB')","('the', 'DT')","('noise', 'NN')","('pollution', 'NN')"
"('could', 'MD')","('harm', 'VB')","('the', 'DT')","('human', 'JJ')","('being', 'VBG')"
"('could', 'MD')","('causes', 'NNS')","('the', 'DT')","('deth', 'NN')","('of', 'IN')"
"('deth', 'NN')","('of', 'IN')","('a', 'DT')","('human', 'JJ')","('being', 'VBG')"
"('can', 'MD')","('harm', 'VB')","('a', 'DT')","('human', 'JJ')","('body', 'NN')"
"('works', 'NNS')","('in', 'IN')","('an', 'DT')","('enviroment', 'NN')","('that', 'IN')"
"('that', 'IN')","('have', 'VB')","('a', 'DT')","('great', 'JJ')","('deal', 'NN')"
"('in', 'IN')","('repairing', 'NN')","('the', 'DT')","('streets', 'NNS')","(',', ',')"
"('work', 'NN')","('at', 'IN')","('the', 'DT')","('airport', 'NN')","('have', 'VBP')"
"('airport', 'NN')","('have', 'VBP')","('the', 'DT')","('same', 'JJ')","('issue', 'NN')"
"('showed', 'VBD')","('that', 'IN')","('those', 'DT')","('people', 'NNS')","('are', 'VBP')"
"('issues', 'NNS')","('on', 'IN')","('the', 'DT')","('baises', 'NNS')","('of', 'IN')"

"('caused', 'VBN')","('by', 'IN')","('the', 'DT')","('noise', 'NN')","('pollution', 'NN')"
"('working', 'VBG')","('in', 'IN')","('a', 'DT')","('noisy', 'NN')","('enviroment', 'NN')"
"('can', 'MD')","('change', 'VB')","('the', 'DT')","('body', 'NN')","('function', 'NN')"
"('function', 'NN')","('of', 'IN')","('a', 'DT')","('human', 'JJ')","('being', 'VBG')"
"('It', 'NNP')","('effects', 'VBZ')","('the', 'DT')","('electrical', 'JJ')","('activity', 'NN')"
"('activity', 'NN')","('of', 'IN')","('the', 'DT')","('brain', 'NN')","(',', ',')"
"('may', 'MD')","('effects', 'VBZ')","('the', 'DT')","('ability', 'NN')","('of', 'IN')"
"('and', 'CC')","('proccssing', 'VBG')","('the', 'DT')","('information', 'NN')","('.', '.')"
"('also', 'RB')","('effects', 'VBZ')","('the', 'DT')","('heart', 'NN')","('rates', 'NNS')"
"('to', 'TO')","('effect', 'VB')","('the', 'DT')","('breathing', 'NN')","('effects', 'NNS')"
"('effects', 'NNS')","('as', 'IN')","('a', 'DT')","('result', 'NN')","('.', '.')"
"('One', 'CD')","('of', 'IN')","('the', 'DT')","('changes', 'NNS')","('that', 'WDT')"
"('result', 'NN')","('from', 'IN')","('the', 'DT')","('changing', 'NN')","('in', 'IN')"
"('function', 'NN')","('is', 'VBZ')","('the', 'DT')","('breathing', 'NN')","('rates', 'NNS')"
"('effected', 'VBN')","('by', 'IN')","('the', 'DT')","('noise', 'NN')","('pollution', 'NN')"
"('may', 'MD')","('cause', 'VB')","('the', 'DT')","('tirdeness', 'NN')","('of', 'IN')"
"('tirdeness', 'NN')","('of', 'IN')","('the', 'DT')","('person', 'NN')","('since', 'IN')"
"('there', 'EX')","('is', 'VBZ')","('no', 'DT')","('enough', 'JJ')","('O2', 'NNP')"

"('it', 'PRP')","('reduces', 'VBZ')","('the', 'DT')","('productivity', 'NN')","('of', 'IN')"
"('productivity', 'NN')","('of', 'IN')","('the', 'DT')","('person', 'NN')","(',', ',')"
"('leads', 'NNS')","('to', 'TO')","('another', 'DT')","('phsical', 'JJ')","('problem', 'NN')"
"('can', 'MD')","('harm', 'VB')","('the', 'DT')","('human', 'JJ')","('body', 'NN')"
"('body', 'NN')","('and', 'CC')","('the', 'DT')","('development', 'NN')","('that', 'IN')"
"('effects', 'NNS')","('on', 'IN')","('a', 'DT')","('human', 'JJ')","('being', 'VBG')"
"('worke', 'NN')","('in', 'IN')","('a', 'DT')","('noisy', 'NN')","('evviroments', 'NNS')"
"('goes', 'VBZ')","('beyond', 'IN')","('that', 'DT')","('to', 'TO')","('the', 'DT')"
"('that', 'DT')","('to', 'TO')","('the', 'DT')","('people', 'NNS')","('around', 'IN')"
"('people', 'NNS')","('around', 'IN')","('that', 'DT')","('noisy', 'NN')","('enviroment', 'NN')"
"('complaing', 'VBG')","('from', 'IN')","('the', 'DT')","('noise', 'NN')","('thta', 'NN')"
"('causing', 'VBG')","('by', 'IN')","('the', 'DT')","('Ride', 'NNP')","('On', 'NNP')"
"('because', 'IN')","('of', 'IN')","('the', 'DT')","('all', 'DT')","('time', 'NN')"
"('of', 'IN')","('the', 'DT')","('all', 'DT')","('time', 'NN')","('noise', 'NN')"
"('noise', 'NN')","('that', 'WDT')","('these', 'DT')","('buses', 'NNS')","('cause', 'VBP')"
"('issues', 'NNS')","('in', 'IN')","('the', 'DT')","('mental', 'JJ')","('health', 'NN')"
"('health', 'NN')","('of', 'IN')","('a', 'DT')","('human', 'JJ')","('being', 'VBG')"
"('and', 'CC')","('nervous', 'JJ')","('all', 'DT')","('the', 'DT')","('time', 'NN')"
"('nervous', 'JJ')","('all', 'DT')","('the', 'DT')","('time', 'NN')","('.', '.')"
"('also', 'RB')","('prevent', 'VBP')","('the', 'DT')","('person', 'NN')","('from', 'IN')"
"('it', 'PRP')","('lessen', 'RB')","('the', 'DT')","('person', 'NN')","('cearitvaity', 'NN')"
"('even', 'RB')","('causes', 'NNS')","('the', 'DT')","('death', 'NN')","('of', 'IN')"
"('death', 'NN')","('of', 'IN')","('a', 'DT')","('person', 'NN')","('.', '.')"


"('But', 'CC')","('what', 'WP')","('those', 'DT')","('noisy', 'JJ')","('work', 'NN')"
"('may', 'MD')","('cause', 'VB')","('the', 'DT')","('death', 'NN')","('of', 'IN')"
"('death', 'NN')","('of', 'IN')","('a', 'DT')","('person', 'NN')","('or', 'CC')"
"('could', 'MD')","('damage', 'VB')","('the', 'DT')","('person', 'NN')","(""'s"", 'POS')"
"('ear', 'NN')","('for', 'IN')","('a', 'DT')","('life', 'NN')","('time', 'NN')"

"('All', 'DT')","('in', 'IN')","('all', 'DT')","(',', ',')","('noise', 'VBP')"
"('damages', 'NNS')","('on', 'IN')","('a', 'DT')","('human', 'JJ')","('being', 'VBG')"
"('can', 'MD')","('harm', 'VB')","('a', 'DT')","('person', 'NN')","('phsically', 'RB')"
"('as', 'IN')","('changing', 'NN')","('the', 'DT')","('person', 'NN')","(""'s"", 'POS')"
"('to', 'TO')","('change', 'VB')","('the', 'DT')","('person', 'NN')","(""'s"", 'POS')"
"('to', 'TO')","('lessing', 'VBG')","('the', 'DT')","('muscles', 'NNS')","('mobility', 'NN')"
"('can', 'MD')","('damage', 'VB')","('the', 'DT')","('person', 'NN')","(""'s"", 'POS')"
"('could', 'MD')","('cause', 'VB')","('the', 'DT')","('death', 'NN')","('of', 'IN')"
"('death', 'NN')","('of', 'IN')","('a', 'DT')","('person', 'NN')","('or', 'CC')"
"('hearing', 'NN')","('for', 'IN')","('a', 'DT')","('life', 'NN')","('time', 'NN')"
"('To', 'TO')","('avoid', 'VBD')","('all', 'DT')","('these', 'DT')","('effects', 'NNS')"
"('avoid', 'VBD')","('all', 'DT')","('these', 'DT')","('effects', 'NNS')","('peole', 'VBP')"
"('in', 'IN')","('eliminating', 'NN')","('the', 'DT')","('noise', 'NN')","('pollution', 'NN')"
"('instance', 'NN')","(',', ',')","('the', 'DT')","('government', 'NN')","('should', 'MD')"
"('should', 'MD')","('put', 'VB')","('a', 'DT')","('fee', 'NN')","('for', 'IN')"
"('should', 'MD')","('put', 'VB')","('the', 'DT')","('noisy', 'NN')","('enviroments', 'NNS')"
"('airports', 'NNS')","('far', 'RB')","('a', 'DT')","('way', 'NN')","('from', 'IN')"
"('that', 'IN')","('reduce', 'NN')","('the', 'DT')","('noise', 'NN')","('pollution', 'NN')"
"('pollution', 'NN')","('is', 'VBZ')","('a', 'DT')","('serious', 'JJ')","('problem', 'NN')"
"('to', 'TO')","('prevent', 'VB')","('the', 'DT')","('negative', 'JJ')","('effects', 'NNS')"
"('to', 'TO')","('have', 'VB')","('a', 'DT')","('beautiful', 'JJ')","('eviroment', 'NN')"
"('people', 'NNS')","('around', 'IN')","('the', 'DT')","('world', 'NN')","('like', 'IN')"
"('to', 'TO')","('hear', 'VB')","('the', 'DT')","('sound', 'NN')","('clearly', 'RB')"
"('they', 'PRP')","('raise', 'VBP')","('the', 'DT')","('sound', 'NN')","('to', 'TO')"
"('sound', 'NN')","('to', 'TO')","('the', 'DT')","('maximum', 'NN')","('level', 'NN')"
"('people', 'NNS')","('raise', 'VBP')","('the', 'DT')","('sound', 'NN')","(',', ',')"
"('will', 'MD')","('enjoy', 'VB')","('the', 'DT')","('music', 'JJ')","('and', 'CC')"
"('music', 'JJ')","('and', 'CC')","('the', 'DT')","('beats', 'NNS')","('of', 'IN')"
"('Despite', 'IN')","('enjoying', 'VBG')","('the', 'DT')","('sound', 'NN')","('of', 'IN')"
"('sound', 'NN')","('of', 'IN')","('the', 'DT')","('music', 'JJ')","(',', ',')"
"('days', 'NNS')","(',', ',')","('the', 'DT')","('number', 'NN')","('of', 'IN')"
"('dramatically', 'RB')","('and', 'CC')","('the', 'DT')","('noise', 'NN')","('which', 'WDT')"
"('near', 'IN')","('by', 'IN')","('these', 'DT')","('industrials', 'NNS')","('companies', 'NNS')"

"('noise', 'NN')","('made', 'VBD')","('a', 'DT')","('big', 'JJ')","('concern', 'NN')"
"('workers', 'NNS')","('and', 'CC')","('the', 'DT')","('residents', 'NNS')","(',', ',')"
"(',', ',')","('because', 'IN')","('the', 'DT')","('high', 'JJ')","('level', 'NN')"
"('to', 'TO')","('eliminate', 'VB')","('the', 'DT')","('noise', 'NN')","('pollution', 'NN')"
"('care', 'VBP')","('for', 'IN')","('the', 'DT')","('labors', 'NNS')","('and', 'CC')"
"('to', 'TO')","('control', 'NN')","('the', 'DT')","('noise', 'NN')","('.', '.')"
"('can', 'MD')","('avoid', 'VB')","('the', 'DT')","('high', 'JJ')","('level', 'NN')"
"('staying', 'NN')","('away', 'RB')","('a', 'DT')","('distance', 'NN')","('from', 'IN')"
"('distance', 'NN')","('from', 'IN')","('the', 'DT')","('source', 'NN')","('of', 'IN')"
"('diseases', 'NNS')","('to', 'TO')","('the', 'DT')","('ear', 'NN')","('and', 'CC')"
"('effects', 'NNS')","('on', 'IN')","('the', 'DT')","('body', 'NN')","('.', '.')"
"('can', 'MD')","('harm', 'VB')","('the', 'DT')","('ears', 'NNS')","('.', '.')"
"('may', 'MD')","('reduce', 'VB')","('the', 'DT')","('efficiency', 'NN')","('of', 'IN')"
"('depending', 'VBG')","('to', 'TO')","('the', 'DT')","('time', 'NN')","('and', 'CC')"
"('time', 'NN')","('and', 'CC')","('the', 'DT')","('sound', 'NN')","('level', 'NN')"
"('level', 'NN')","('which', 'WDT')","('the', 'DT')","('ear', 'NN')","('have', 'VBP')"
"('ear', 'NN')","('have', 'VBP')","('the', 'DT')","('ability', 'NN')","('to', 'TO')"
"('dB', 'NNP')","('for', 'IN')","('the', 'DT')","('noise', 'NN')","('in', 'IN')"
"('one-third', 'NN')","('of', 'IN')","('the', 'DT')","('day', 'NN')","('for', 'IN')"
"('five', 'CD')","('days', 'NNS')","('a', 'DT')","('week', 'NN')","('.', '.')"
"('may', 'MD')","('make', 'VB')","('the', 'DT')","('ear', 'JJ')","('vulnerable', 'JJ')"
"('are', 'VBP')","('not', 'RB')","('the', 'DT')","('only', 'JJ')","('damage', 'NN')"
"('damage', 'NN')","('that', 'WDT')","('the', 'DT')","('noise', 'NN')","('cause', 'NN')"
"('pollution', 'NN')","('has', 'VBZ')","('another', 'DT')","('bad', 'JJ')","('impact', 'NN')"
"('impact', 'NN')","('on', 'IN')","('the', 'DT')","('internal', 'JJ')","('body', 'NN')"
"('noise', 'NN')","('prevent', 'NN')","('the', 'DT')","('person', 'NN')","('from', 'IN')"

"('addtion', 'NN')","(',', ',')","('the', 'DT')","('production', 'NN')","('of', 'IN')"
"('production', 'NN')","('of', 'IN')","('the', 'DT')","('worker', 'NN')","('will', 'MD')"
"('concentrate', 'VB')","('on', 'IN')","('the', 'DT')","('work', 'NN')","('or', 'CC')"
"('therefore', 'VB')","('be', 'VB')","('the', 'DT')","('cause', 'NN')","('of', 'IN')"
"('can', 'MD')","('avoid', 'VB')","('this', 'DT')","('problems', 'NNS')","('by', 'IN')"
"('by', 'IN')","('making', 'VBG')","('the', 'DT')","('companies', 'NNS')","('offer', 'VBP')"
"('that', 'WDT')","('decreases', 'VBZ')","('the', 'DT')","('exessive', 'JJ')","('amout', 'NN')"
"('that', 'WDT')","('reduces', 'NNS')","('the', 'DT')","('noise', 'NN')","('such', 'JJ')"


"('to', 'TO')","('find', 'VB')","('an', 'DT')","('apartment', 'NN')","('away', 'RB')"
"('diseases', 'NNS')","(',', ',')","('the', 'DT')","('best', 'JJS')","('way', 'NN')"
"('that', 'WDT')","('have', 'VBP')","('a', 'DT')","('lot', 'NN')","('of', 'IN')"
"('Not', 'RB')","('only', 'RB')","('the', 'DT')","('workers', 'NNS')","('have', 'VBP')"
"('workers', 'NNS')","('have', 'VBP')","('the', 'DT')","('right', 'NN')","('to', 'TO')"


"('found', 'VBN')","('in', 'IN')","('any', 'DT')","('pharmacy', 'NN')","('so', 'IN')"
"('Moreover', 'RB')","(',', ',')","('the', 'DT')","('goverment', 'NN')","('should', 'MD')"
"('should', 'MD')","('provide', 'VB')","('a', 'DT')","('supervisor', 'NN')","('to', 'TO')"
"('there', 'EX')","('is', 'VBZ')","('a', 'DT')","('bus', 'NN')","('stop', 'NN')"
"('because', 'IN')","('of', 'IN')","('the', 'DT')","('noise', 'NN')","('the', 'DT')"
"('the', 'DT')","('noise', 'NN')","('the', 'DT')","('they', 'PRP')","('make', 'VBP')"

"('bus', 'NN')","('have', 'VBP')","('a', 'DT')","('three', 'CD')","('minutes', 'NNS')"
"('going', 'VBG')","('on', 'IN')","('the', 'DT')","('opposite', 'JJ')","('side', 'NN')"


"('County', 'NNP')","('made', 'VBD')","('an', 'DT')","('oversight', 'NN')","('to', 'TO')"
"('not', 'RB')","('following', 'VBG')","('the', 'DT')","('laws', 'NNS')","('.', '.')"

"('it', 'PRP')","('needs', 'VBZ')","('a', 'DT')","('long', 'JJ')","('time', 'NN')"
"('to', 'TO')","('reduce', 'VB')","('the', 'DT')","('sounds', 'NNS')","('and', 'CC')"
"('sounds', 'NNS')","('and', 'CC')","('some', 'DT')","('of', 'IN')","('these', 'DT')"
"('some', 'DT')","('of', 'IN')","('these', 'DT')","('sounds', 'NNS')","('come', 'VBP')"
"('normally', 'RB')","('with', 'IN')","('the', 'DT')","('work', 'NN')","('like', 'IN')"
"('can', 'MD')","('reduce', 'VB')","('the', 'DT')","('sounds', 'NNS')","('by', 'IN')"
"('working', 'VBG')","('in', 'IN')","('a', 'DT')","('time', 'NN')","('that', 'WDT')"
"('devices', 'NNS')","('are', 'VBP')","('the', 'DT')","('best', 'JJS')","('solution', 'NN')"
"('to', 'TO')","('turn', 'VB')","('the', 'DT')","('sound', 'NN')","('to', 'TO')"
"('sound', 'NN')","('to', 'TO')","('the', 'DT')","('maximum', 'NN')","('level', 'NN')"
"('sound', 'NN')","('for', 'IN')","('the', 'DT')","('residents', 'NNS')","('and', 'CC')"
"('not', 'RB')","('handle', 'VB')","('this', 'DT')","('sounds', 'NNS')","('.', '.')"
"('and', 'CC')","('providing', 'VBG')","('a', 'DT')","('supervisors', 'NNS')","('and', 'CC')"
"('to', 'TO')","('prevent', 'VB')","('these', 'DT')","('industrials', 'NNS')","('companies', 'NNS')"
"('who', 'WP')","('make', 'VBP')","('this', 'DT')","('noise', 'NN')","('without', 'IN')"
"('Nature', 'NN')","(',', ',')","('the', 'DT')","('serounding', 'NN')","('envirnment', 'NN')"
"('compitable', 'JJ')","('with', 'IN')","('that', 'DT')","('procedure', 'NN')","('of', 'IN')"


"('revolution', 'NN')","('is', 'VBZ')","('the', 'DT')","('best', 'JJS')","('thing', 'NN')"
"('but', 'CC')","('with', 'IN')","('a', 'DT')","('the', 'DT')","('right', 'NN')"
"('with', 'IN')","('a', 'DT')","('the', 'DT')","('right', 'NN')","('restrictions', 'NNS')"
"('considered', 'VBN')","('as', 'IN')","('a', 'DT')","('wepon', 'NN')","('that', 'WDT')"
"('realiaty', 'NN')","(',', ',')","('some', 'DT')","('people', 'NNS')","('do', 'VBP')"
"('think', 'VBP')","('that', 'IN')","('this', 'DT')","('kind', 'NN')","('of', 'IN')"
"('communities', 'NNS')","('since', 'IN')","('these', 'DT')","('kinds', 'NNS')","('of', 'IN')"

"('and', 'CC')","('need', 'VBP')","('some', 'DT')","('sleep', 'NN')","('to', 'TO')"
"('ready', 'JJ')","('for', 'IN')","('the', 'DT')","('next', 'JJ')","('day', 'NN')"
"('voices', 'NNS')","('pollute', 'VBP')","('the', 'DT')","('serenety', 'NN')","('of', 'IN')"

"('there', 'EX')","('are', 'VBP')","('another', 'DT')","('kind', 'NN')","('of', 'IN')"
"('especially', 'RB')","('when', 'WRB')","('the', 'DT')","('noise', 'NN')","('can', 'MD')"
"('pollution', 'NN')","('is', 'VBZ')","('an', 'DT')","('epidamic', 'JJ')","('diseases', 'NNS')"

"('pollution', 'NN')","('has', 'VBZ')","('a', 'DT')","('big', 'JJ')","('effects', 'NNS')"
"('home', 'NN')","('on', 'IN')","('the', 'DT')","('trees', 'NNS')","('in', 'IN')"
"('trees', 'NNS')","('in', 'IN')","('a', 'DT')","('calm', 'NN')","('coditiones', 'NNS')"
"('affect', 'VB')","('by', 'IN')","('these', 'DT')","('kinds', 'NNS')","('of', 'IN')"
"('to', 'TO')","('but', 'CC')","('some', 'DT')","('of', 'IN')","('animals', 'NNS')"
"('Actually', 'RB')","(',', ',')","('these', 'DT')","('irresponcible', 'JJ')","('activities', 'NNS')"
"('belong', 'IN')","('to', 'TO')","('the', 'DT')","('lack', 'NN')","('of', 'IN')"
"('monitoring', 'NN')","('push', 'NN')","('some', 'DT')","('workers', 'NNS')","('to', 'TO')"

"('reports', 'VBZ')","('that', 'IN')","('some', 'DT')","('buses', 'NNS')","('drivers', 'NNS')"
"('there', 'EX')","('is', 'VBZ')","('a', 'DT')","('leack', 'NN')","('of', 'IN')"
"('of', 'IN')","('activities', 'NNS')","('no', 'DT')","('matter', 'NN')","('whowever', 'NN')"
"('whowever', 'NN')","('was', 'VBD')","('the', 'DT')","('responsible', 'JJ')","(',', ',')"
"('diseases', 'NNS')","('give', 'VBP')","('a', 'DT')","('terrible', 'JJ')","('picture', 'NN')"
"('picture', 'NN')","('of', 'IN')","('the', 'DT')","('future', 'NN')","('life', 'NN')"

"('original', 'JJ')","('home', 'NN')","('the', 'DT')","('earth', 'NN')","('would', 'MD')"
"('victims', 'NNS')","('of', 'IN')","('the', 'DT')","('noise', 'NN')","('pollution', 'NN')"
"('pollution', 'NN')","('since', 'IN')","('this', 'DT')","('kind', 'NN')","('of', 'IN')"
"('to', 'TO')","('chane', 'VB')","('the', 'DT')","('animal', 'JJ')","('distribution', 'NN')"
"('map', 'NN')","('on', 'IN')","('the', 'DT')","('earch', 'NN')","('.', '.')"
"('would', 'MD')","('face', 'VB')","('some', 'DT')","('areas', 'NNS')","('that', 'WDT')"
"('pollution', 'NN')","('is', 'VBZ')","('a', 'DT')","('kind', 'NN')","('of', 'IN')"
"('fact', 'NN')","(',', ',')","('these', 'DT')","('noises', 'NNS')","('drive', 'VBP')"
"('to', 'TO')","('make', 'VB')","('some', 'DT')","('types', 'NNS')","('of', 'IN')"
"('life', 'NN')","('on', 'IN')","('the', 'DT')","('earth', 'JJ')","('.', '.')"
