"('NNS', 'effects')","('VBZ', 'is')","('DT', 'a')","('JJ', 'controversial')","('JJ', 'topic')"
"('NN', 'debate')","('IN', 'because')","('DT', 'some')","('NNS', 'people')","('VBP', 'say')"
"('NNS', 'others')","('NN', 'express')","('DT', 'no')","('NN', 'tolerance')","('IN', 'toward')"

"('NN', 'context')","(',', ',')","('DT', 'some')","('NNS', 'people')","('VBP', 'enjoy')"
"('NNP', 'Quite')","('TO', 'to')","('DT', 'the')","('NN', 'contrary')","(',', ',')"
"('IN', 'by')","('JJ', 'such')","('DT', 'an')","('NN', 'attitude')","('.', '.')"
"('EX', 'There')","('VBZ', 'is')","('DT', 'a')","('JJ', 'significant')","('NN', 'difference')"
"('NN', 'difference')","('IN', 'between')","('DT', 'a')","('JJ', 'low')","('NN', 'sound')"
"('NN', 'sound')","('CC', 'and')","('DT', 'a')","('NN', 'loud')","('NN', 'sound')"
"('NN', 'sound')","('IN', 'by')","('DT', 'the')","('VBG', 'feeling')","('PRP', 'it')"
"('VBG', 'listening')","('TO', 'to')","('DT', 'a')","('NN', 'loud')","('NN', 'noise')"
"('RB', 'even')","('IN', 'for')","('DT', 'a')","('JJ', 'few')","('NNS', 'minutes')"
"(""''"", ""''"")","('VBZ', 'decribes')","('DT', 'the')","('NNS', 'consequences')","('IN', 'of')"
"('CC', 'and')","('NNS', 'urges')","('DT', 'the')","('NN', 'sound')","('NNS', 'engineers')"
"('MD', 'can')","('VB', 'affect')","('DT', 'the')","('NN', 'health')","('RB', 'negatively')"
"('MD', 'can')","('VB', 'damage')","('DT', 'the')","('NN', 'hearing')","('.', '.')"
"('NN', 'noise')","('IN', 'in')","('DT', 'the')","('NN', 'industry')","('NN', 'impact')"

"('MD', 'will')","('VB', 'change')","('DT', 'the')","('NN', 'struture')","('IN', 'of')"
"('NN', 'struture')","('IN', 'of')","('DT', 'the')","('NN', 'inner')","('NN', 'part')"
"('NN', 'part')","('IN', 'of')","('DT', 'the')","('JJ', 'ear')","('CC', 'and')"
"('CC', 'and')","('VB', 'make')","('DT', 'the')","('NNS', 'listeners')","('JJR', 'more')"

"('VBN', 'stopped')","('IN', 'by')","('DT', 'the')","('NN', 'loud')","('NN', 'noise')"
"('TO', 'to')","('VB', 'avoid')","('DT', 'those')","('JJ', 'negative')","('NNS', 'effects')"
"('NN', 'Anyone')","('NNS', 'deserves')","('DT', 'the')","('NN', 'right')","('TO', 'to')"
"('VB', 'live')","('IN', 'in')","('DT', 'a')","('JJ', 'quiet')","('NN', 'environment')"
"('CC', 'and')","('IN', 'in')","('DT', 'the')","('NN', 'morning')","('.', '.')"

"('MD', 'will')","('VB', 'disturb')","('DT', 'the')","('NNS', 'neighbors')","('WP', 'who')"
"('RB', 'Just')","('VBP', 'take')","('DT', 'a')","('JJ', 'few')","('NNS', 'seconds')"
"('NN', 'family')","('IN', 'while')","('DT', 'a')","('NN', 'noisy')","('NN', 'sound')"
"('MD', 'should')","('VB', 'take')","('DT', 'the')","('NN', 'proper')","('VBZ', 'measures')"
"('IN', 'by')","('NN', 'enforcing')","('DT', 'the')","('NNS', 'laws')","('CC', 'and')"
"('NN', 'policy')","('WDT', 'that')","('DT', 'the')","('NNS', 'buses')","('VBP', 'are')"

"('RB', 'not')","('VB', 'let')","('DT', 'the')","('NNS', 'engines')","('VBP', 'work')"
"('VBP', 'work')","('IN', 'for')","('DT', 'a')","('JJ', 'certain')","('NN', 'time')"
"('MD', 'will')","('VB', 'annoy')","('DT', 'the')","('NN', 'neighboorhood')","('.', '.')"
"('NN', 'fact')","(',', ',')","('DT', 'the')","('NN', 'reality')","('VBZ', 'is')"
"(',', ',')","('VBZ', 'gives')","('DT', 'the')","('NN', 'impression')","('PRP', 'they')"
"('MD', 'will')","('VB', 'take')","('DT', 'the')","('NNS', 'steps')","(',', ',')"
"('RB', 'Consequently')","(',', ',')","('DT', 'the')","('NNS', 'residents')","('VBG', 'living')"
"('VBG', 'living')","('IN', 'in')","('DT', 'those')","('NNS', 'areas')","('VBG', 'disturbing')"
"(',', ',')","('VBG', 'taking')","('DT', 'the')","('NNS', 'streets')","('IN', 'in')"
"('TO', 'to')","('VB', 'make')","('DT', 'the')","('NNS', 'authorities')","('VBP', 'respect')"


"('NN', 'issue')","('IN', 'with')","('DT', 'the')","('NN', 'idea')","('IN', 'of')"
"('IN', 'of')","('VBG', 'avoiding')","('DT', 'all')","('NN', 'kind')","('IN', 'of')"
"('VB', 'say')","('RB', 'not')","('DT', 'all')","('NN', 'kind')","('IN', 'of')"
"('VBZ', 'suggests')","('RB', 'only')","('DT', 'the')","('NN', 'exposure')","('TO', 'to')"

"('IN', 'by')","('VBG', 'banning')","('DT', 'all')","('NNS', 'activities')","('WDT', 'that')"
"('NN', 'Prevention')","('VBZ', 'is')","('DT', 'the')","('JJ', 'key')","('CC', 'and')"
"('JJ', 'key')","('CC', 'and')","('DT', 'some')","('NN', 'damage')","('MD', 'may')"
"('JJ', 'irreversible')","('TO', 'to')","('DT', 'the')","('NN', 'ear')","('.', '.')"
"('CC', 'and')","('VB', 'create')","('DT', 'a')","('JJ', 'peaceful')","('NN', 'environment')"

"('NN', 'health')","('CC', 'and')","('DT', 'the')","('JJ', 'disturbing')","('NN', 'environment')"
"('CC', 'and')","('VBG', 'altering')","('DT', 'the')","('NN', 'mood')","('.', '.')"
"('POS', ""'s"")","('NN', 'world')","('DT', 'all')","('NNS', 'places')","('VBP', 'are')"

"('NNS', 'people')","('IN', 'of')","('DT', 'that')","('NN', 'area')","(':', '(')"
"('NNS', 'plants')","('IN', 'near')","('DT', 'the')","('JJ', 'residential')","('NNS', 'areas')"
"('NN', 'implementation')","('IN', 'as')","('DT', 'a')","('NN', 'safety')","('VBZ', 'measures')"
"('VBZ', 'measures')","('IN', 'for')","('DT', 'the')","('NNS', 'workers')","('IN', 'of')"
"('JJ', 'reduce/control')","('IN', 'of')","('DT', 'the')","('NN', 'idle')","('NNS', 'buses')"
"('NN', 'complaint')","('IN', 'against')","('DT', 'the')","('NNS', 'industries')","('WDT', 'that')"
"('NNS', 'plants')","('IN', 'near')","('DT', 'the')","('JJ', 'residential')","('NNS', 'areas')"
"('NNP', 'Fisher')","('IN', 'in')","('DT', 'the')","('``', '``')","('NNP', 'Noise')"
"('NN', 'article')","('VBZ', 'explains')","('DT', 'some')","('JJ', 'negative')","('JJ', 'pyschological')"
"('TO', 'to')","('NN', 'control')","('DT', 'the')","('NN', 'noise')","('NN', 'pollution')"
"('NNS', 'industries')","('IN', 'for')","('DT', 'the')","('NN', 'safety')","('IN', 'of')"
"('TO', 'to')","('NN', 'control')","('DT', 'the')","('JJ', 'serious')","('NN', 'damage')"
"('NN', 'suppervion')","('IN', 'on')","('DT', 'the')","('NN', 'implimentation')","('IN', 'of')"

"('MD', 'should')","('VB', 'take')","('DT', 'some')","('NNS', 'measures')","('IN', 'for')"
"('IN', 'for')","('VBG', 'controling')","('DT', 'the')","('JJ', 'physical')","('JJ', 'negative')"
"('IN', 'by')","('NN', 'providing')","('DT', 'the')","('NN', 'worker')","('IN', 'with')"

"('NNS', 'buses')","('IN', 'around')","('DT', 'the')","('NN', 'city')","('CC', 'and')"
"('NNS', 'decades')","('IN', 'about')","('DT', 'the')","('``', '``')","('JJ', 'round-the-clock')"
"('NN', 'noise')","('IN', 'from')","('DT', 'the')","('NNS', 'buses')","(""''"", ""''"")"

"('VB', 'trun')","('RP', 'off')","('DT', 'the')","('NNS', 'motors')","('IN', 'of')"
"('NNS', 'motors')","('IN', 'of')","('DT', 'the')","('NNS', 'buses')","('IN', 'while')"

"('VBN', 'controled')","('IN', 'by')","('DT', 'an')","('IN', 'on')","('NN', 'call')"
"('RB', 'specially')","('IN', 'during')","('DT', 'the')","('NN', 'night')","('WRB', 'when')"
"('TO', 'to')","('VB', 'have')","('DT', 'a')","('NN', 'society')","('JJ', 'free')"
"('NN', 'complain')","('IN', 'about')","('DT', 'the')","('NNS', 'industries')","('WDT', 'which')"
"('VBN', 'considered')","('IN', 'of')","('DT', 'the')","('NN', 'noise')","('NNS', 'standards')"
"('NN', 'pollution')","('IN', 'near')","('DT', 'the')","('JJ', 'residential')","('NNS', 'areas')"

"('TO', 'to')","('VB', 'ensure')","('DT', 'both')","('DT', 'the')","('NN', 'noise')"
"('VB', 'ensure')","('DT', 'both')","('DT', 'the')","('NN', 'noise')","('NN', 'control')"
"('NN', 'development')","('IN', 'of')","('DT', 'the')","('NN', 'techonology')","('IN', 'in')"
"('NN', 'techonology')","('IN', 'in')","('DT', 'the')","('NNP', 'XXI')","('NN', 'century')"

"('IN', 'With')","('DT', 'this')","('DT', 'the')","('NN', 'advance')","('IN', 'of')"
"('NN', 'development')","('IN', 'of')","('DT', 'the')","('NN', 'society')","('IN', 'as')"
"('RB', 'well')","('IN', 'as')","('DT', 'the')","('NN', 'well')","('VBG', 'being')"
"('VBG', 'being')","('IN', 'of')","('DT', 'the')","('JJ', 'human')","('NN', 'kind')"
"(',', ',')","('IN', 'of')","('DT', 'this')","('NN', 'development')","('VBP', 'have')"
"('NN', 'pollution')","('VBZ', 'is')","('DT', 'a')","('JJ', 'serious')","('NN', 'problem')"
"('IN', 'that')","('NNS', 'deserves')","('DT', 'the')","('NN', 'attention')","('IN', 'of')"
"('NN', 'attention')","('IN', 'of')","('DT', 'the')","('NN', 'society')","('IN', 'in')"
"('TO', 'To')","('VB', 'prevent')","('DT', 'these')","('NNS', 'problems')","('IN', 'from')"
"('CD', 'One')","('IN', 'of')","('DT', 'the')","('DT', 'the')","('JJ', 'negative')"
"('IN', 'of')","('DT', 'the')","('DT', 'the')","('JJ', 'negative')","('NNS', 'efects')"
"('NNS', 'functions')","('IN', 'of')","('DT', 'the')","('JJ', 'human')","('VBG', 'being')"
"('NN', 'evidence')","(',', ',')","('DT', 'the')","('NN', 'article')","('``', '``')"
"(""''"", ""''"")","('IN', 'about')","('DT', 'the')","('NNS', 'effects')","('IN', 'of')"
"('NN', 'pollution')","('VBZ', 'provides')","('DT', 'some')","('IN', 'of')","('DT', 'these')"
"('DT', 'some')","('IN', 'of')","('DT', 'these')","('NN', 'health')","('NNS', 'problems')"

"('NN', 'alteration')","('IN', 'of')","('DT', 'the')","('JJ', 'electrical')","('NN', 'activity')"
"('NN', 'activity')","('IN', 'of')","('DT', 'the')","('NN', 'brain')","(',', ',')"
"(',', ',')","('TO', 'to')","('DT', 'the')","('JJ', 'human')","('NN', 'kind')"
"('NN', 'pollution')","(',', ',')","('DT', 'the')","('NN', 'society')","('MD', 'will')"
"('NN', 'affirm')","('IN', 'that')","('DT', 'the')","('NN', 'brain')","('NNS', 'controls')"
"('NN', 'brain')","('NNS', 'controls')","('DT', 'every')","('NN', 'function')","('IN', 'of')"
"('NN', 'function')","('IN', 'of')","('DT', 'the')","('JJ', 'human')","('VBG', 'being')"
"(',', ',')","('IN', 'if')","('DT', 'the')","('NN', 'brain')","('VBZ', 'is')"

"('VBP', 'noise')","('IN', 'above')","('DT', 'the')","('NN', 'limit')","('IN', 'of')"
"('NN', 'limit')","('IN', 'of')","('DT', 'the')","('NN', 'noise')","('IN', 'with')"

"(',', ',')","(""''"", ""''"")","('DT', 'a')","('NN', 'report')","('IN', 'on')"
"('NN', 'report')","('IN', 'on')","('DT', 'the')","('NNS', 'effects')","('IN', 'of')"
"(',', ',')","('VBZ', 'shows')","('DT', 'the')","('NN', 'disconfort')","('IN', 'of')"
"('NN', 'disconfort')","('IN', 'of')","('DT', 'some')","('NNS', 'people')","('VBG', 'concering')"

"('VBD', 'complained')","('IN', 'about')","('DT', 'this')","('NN', 'noise')","('.', '.')"
"('IN', 'on')","('IN', 'of')","('DT', 'the')","('NNS', 'resindents')","('VBD', 'showed')"
"('NN', 'noise')","('IN', 'during')","('DT', 'rthe')","('NN', 'night')","('CC', 'and')"
"('NN', 'night')","('CC', 'and')","('DT', 'the')","('JJ', 'early')","('NN', 'morning')"
"('VBZ', 'adds')","('IN', 'that')","('DT', 'some')","('NNS', 'residents')","('VBD', 'affirmed')"
"('VBG', 'complaining')","('IN', 'about')","('DT', 'this')","('NN', 'noise')","('IN', 'for')"

"('JJ', 'Many')","('IN', 'of')","('DT', 'the')","('NNS', 'parties')","('NNS', 'parties')"
"('NN', 'example')","(',', ',')","('DT', 'a')","('NN', 'man')","('VBD', 'was')"
"('VBN', 'jailed')","('IN', 'because')","('DT', 'the')","('NN', 'noise')","('VBD', 'caused')"

"('JJ', 'clear')","('IN', 'that')","('DT', 'that')","('NN', 'noise')","('VBD', 'disturbed')"
"('RB', 'even')","('JJ', 'eliminate')","('DT', 'this')","('JJ', 'proble')","(',', ',')"
"('NNS', 'people')","('IN', 'around')","('DT', 'the')","('NN', 'world')","('.', '.')"
"('JJ', 'harmful')","('TO', 'to')","('DT', 'the')","('RB', 'well')","('VBG', 'being')"
"('VBG', 'being')","('IN', 'of')","('DT', 'the')","('JJ', 'human')","('NN', 'kind')"

"('NN', 'alteration')","('IN', 'of')","('DT', 'the')","('JJ', 'human')","('NN', 'body')"
"('RP', 'out')","('RB', 'as')","('DT', 'the')","('JJ', 'main')","('NNS', 'problems')"

"('NN', 'issue')","(',', ',')","('DT', 'some')","('NNS', 'people')","('VBP', 'are')"
"('TO', 'To')","('VB', 'minimize')","('DT', 'this')","('NN', 'issue')","(',', ',')"
"('MD', 'should')","('VB', 'respect')","('DT', 'the')","('NNS', 'limits')","('IN', 'of')"
"('CC', 'or')","('VBG', 'having')","('DT', 'a')","('NN', 'party')","('.', '.')"
"('NN', 'noise')","('IN', 'than')","('DT', 'the')","('JJ', 'current')","('NNS', 'ones')"
"('CD', 'one')","('IN', 'of')","('DT', 'the')","('NNS', 'things')","('VBP', 'thjat')"
"('VB', 'help')","('VB', 'minimize')","('DT', 'the')","('JJ', 'current')","('NNS', 'rates')"
"('PRP', 'It')","('VBZ', 'is')","('DT', 'a')","('JJ', 'common')","('NN', 'sense')"
"('PRP', 'we')","('VBP', 'make')","('DT', 'a')","('JJ', 'good')","('NN', 'relationship')"
"('WP', 'what')","('VBZ', 'is')","('DT', 'the')","('RBS', 'most')","('VBG', 'annoying')"
"('TO', 'to')","('VB', 'do')","('DT', 'some')","('JJ', 'important')","('NN', 'work')"
"('TO', 'to')","('VB', 'solve')","('DT', 'this')","('NN', 'issue')","(',', ',')"
"('MD', 'should')","('VB', 'recognize')","('DT', 'the')","('NN', 'reason')","('WRB', 'why')"
"('JJ', 'rid')","('IN', 'of')","('DT', 'this')","('NN', 'problem')","('.', '.')"
"('EX', 'there')","('VBP', 'are')","('DT', 'some')","('JJ', 'hazardous')","('NN', 'effect')"
"('NN', 'noise')","('IN', 'from')","('DT', 'the')","('NN', 'train')","('IN', 'at')"

"('DT', 'This')","('VBZ', 'is')","('DT', 'the')","('NN', 'situation')","('IN', 'that')"
"('TO', 'to')","('VB', 'fall')","('DT', 'a')","('NN', 'sleep')","('RB', 'again')"
"('IN', 'because')","('IN', 'of')","('DT', 'the')","('JJ', 'big')","('NN', 'frustration')"
"('NNP', 'Fisher')","(',', ',')","('DT', 'a')","('NN', 'professer')","('IN', 'of')"
"('JJ', 'resentful')","('IN', 'about')","('DT', 'the')","('NN', 'cause')","('IN', 'of')"
"('NN', 'cause')","('IN', 'of')","('DT', 'the')","('NN', 'noise')","(',', ',')"
"('VBN', 'convinced')","('IN', 'that')","('DT', 'the')","('NN', 'noise')","('VBZ', 'is')"
"('JJ', 'such')","('IN', 'as')","('DT', 'the')","('JJ', 'electrical')","('NN', 'activity')"
"('NN', 'activity')","('IN', 'of')","('DT', 'the')","('NN', 'brain')","(',', ',')"
"('NNS', 'people')","('VBP', 'get')","('DT', 'those')","('JJ', 'negative')","('NNS', 'effects')"
"('JJS', 'least')","('VB', 'do')","('DT', 'some')","('NN', 'effort')","('TO', 'to')"

"('CC', 'or')","('VBN', 'run')","('DT', 'the')","('NN', 'train')","('NN', 'nomatter')"
"('IN', 'Because')","('IN', 'of')","('DT', 'that')","(',', ',')","('JJ', 'many')"
"('IN', 'from')","('NN', 'hearing')","('DT', 'the')","('JJ', 'big')","('NN', 'sound')"

"('NNP', 'Berin')","(',', ',')","('DT', 'the')","('NN', 'company')","(',', ',')"
"('JJ', 'complaint')","('IN', 'about')","('DT', 'the')","('NN', 'noise')","('IN', 'that')"
"('VBP', 'make')","('IN', 'for')","('DT', 'a')","('JJ', 'long')","('NN', 'time')"

"('TO', 'to')","('VB', 'solve')","('DT', 'the')","('NN', 'noise')","('NN', 'pollution')"
"('RB', 'even')","('IN', 'though')","('DT', 'the')","('NN', 'work')","('VBZ', 'makes')"
"('RB', 'However')","(',', ',')","('DT', 'a')","('NN', 'lot')","('IN', 'of')"
"('IN', 'by')","('NN', 'hearing')","('DT', 'a')","('NN', 'loud')","('NN', 'noise')"
"('PRP', 'it')","('VBZ', 'is')","('DT', 'a')","('JJ', 'current')","('NN', 'issue')"

"('VBG', 'living')","('IN', 'in')","('DT', 'the')","('NN', 'world')","('IN', 'of')"
"('IN', 'sound')","('VBZ', 'is')","('DT', 'an')","('JJ', 'essential')","('NN', 'part')"
"('NN', 'everything')","('VBZ', 'has')","('DT', 'a')","('JJ', 'certain')","('NNS', 'limits')"
"('WDT', 'which')","('VBZ', 'is')","('DT', 'an')","('NN', 'impotent')","('NN', 'factor')"
"('NN', 'body')","('VBZ', 'is')","('DT', 'a')","('JJ', 'big')","('JJ', 'scientific')"
"('NN', 'machine')","('WRB', 'where')","('DT', 'every')","('NNS', 'parts')","('VBP', 'are')"
"('VBN', 'correlated')","('IN', 'with')","('DT', 'each')","('JJ', 'other')","('.', '.')"
"('CC', 'and')","('VBG', 'interupting')","('DT', 'the')","('JJ', 'other')","('NN', 'living')"
"('MD', 'will')","('VB', 'do')","('DT', 'the')","('JJ', 'comparative')","('NN', 'study')"
"('NNS', 'articles')","('IN', 'about')","('DT', 'the')","('NN', 'noise')","('NNS', 'effects')"
"('NNS', 'sounds')","('IN', 'in')","('DT', 'the')","('NNP', 'workplace.')","(""''"", ""''"")"
"('PRP', 'we')","('VBP', 'have')","('DT', 'some')","('JJ', 'certain')","('NN', 'limit')"
"('IN', 'for')","('NN', 'absorbing')","('DT', 'the')","('NN', 'noise')","('IN', 'from')"
"(',', ',')","('RB', 'scientifically')","('DT', 'the')","('NN', 'limit')","('VBZ', 'is')"
"('VBG', 'Working')","('IN', 'in')","('DT', 'the')","('NN', 'environment')","('WDT', 'which')"
"('RBR', 'more')","('IN', 'than')","('DT', 'this')","('NN', 'limit')","(',', ',')"
"('NNP', 'Fisher')","('IN', 'that')","('DT', 'any')","('NN', 'body')","('VBZ', 'works')"
"(',', ',')","('IN', 'in')","('DT', 'this')","('NN', 'situation')","('PRP', 'we')"
"('VBP', 'are')","('VBG', 'violating')","('DT', 'the')","('NN', 'limit')","('IN', 'of')"
"('IN', 'of')","('NN', 'noise')","('DT', 'every')","('NN', 'time')","('IN', 'by')"
"('JJ', 'resentful')","('IN', 'about')","('DT', 'the')","('NN', 'cause')","('IN', 'of')"
"('NN', 'cause')","('IN', 'of')","('DT', 'the')","('NN', 'noise')","(',', ',')"
"('IN', 'So')","(',', ',')","('DT', 'the')","('JJ', 'main')","('NN', 'thing')"
"('RB', 'not')","('VB', 'maintain')","('DT', 'this')","('NNS', 'rules')","('.', '.')"
"('MD', 'should')","('VB', 'follow')","('DT', 'the')","('NN', 'rule')","('IN', 'of')"

"('VBG', 'working')","('IN', 'in')","('DT', 'a')","('NN', 'noisy')","('NN', 'environment')"

"(',', ',')","('IN', 'in')","('DT', 'this')","('NN', 'situation')","('DT', 'the')"
"('DT', 'this')","('NN', 'situation')","('DT', 'the')","('NN', 'production')","('IN', 'of')"
"('RB', 'also')","('VB', 'observe')","('DT', 'this')","('NN', 'situation')","('IN', 'in')"
"('PRP', 'we')","('VBP', 'take')","('DT', 'a')","('NN', 'lot')","('IN', 'of')"
"('IN', 'for')","('NN', 'learning')","('DT', 'a')","('JJ', 'simple')","('JJ', 'topic')"
"('RB', 'there')","('VBZ', 'is')","('DT', 'a')","('JJ', 'big')","('NN', 'effect')"
"('JJ', 'such')","('IN', 'as')","('DT', 'the')","('JJ', 'electric')","('NN', 'activity')"

"('WDT', 'which')","('VBZ', 'is')","('DT', 'another')","('NN', 'impotent')","('NN', 'issue')"
"('TO', 'to')","('VB', 'increase')","('DT', 'the')","('NN', 'transpotation')","('NN', 'system')"
"('IN', 'by')","('NN', 'day')","('DT', 'the')","('NN', 'public')","('NNS', 'buses')"




"('NNP', 'Divisiopn')","('IN', 'that')","('DT', 'the')","('NNS', 'people')","('MD', 'could')"
"('RB', 'well')","('IN', 'near')","('DT', 'the')","('NN', 'bus')","('NN', 'depo')"
"('IN', 'as')","('WRB', 'where')","('DT', 'the')","('NN', 'bus')","('MD', 'should')"
"('IN', 'for')","('PDT', 'half')","('DT', 'an')","('NN', 'hour')","('NN', 'sometime')"
"('CC', 'and')","('VBG', 'making')","('DT', 'the')","('JJ', 'high')","('NN', 'noise')"
"('IN', 'So')","('IN', 'in')","('DT', 'this')","('NN', 'way')","('PRP', 'we')"
"('RB', 'not')","('NN', 'control')","('DT', 'the')","('NN', 'noise')","('NN', 'level')"
"('MD', 'will')","('VB', 'suffer')","('DT', 'a')","('NN', 'lot')","('IN', 'of')"
"('TO', 'to')","('NN', 'control')","('DT', 'the')","('NN', 'sound')","('NN', 'pollution')"

"('IN', 'about')","('VBG', 'using')","('DT', 'the')","('NN', 'sound')","('NN', 'system')"
"('VBG', 'Duing')","('TO', 'to')","('DT', 'the')","('NN', 'economy')","('NN', 'growth')"
"('NN', 'growth')","('CC', 'and')","('DT', 'the')","('NN', 'population')","('VBD', 'increased')"
"('RB', 'quickly')","(',', ',')","('DT', 'the')","('NN', 'problem')","('IN', 'of')"
"('NN', 'problem')","('IN', 'of')","('DT', 'the')","('NN', 'pollution')","('NN', 'become')"
"(',', ',')","('RB', 'especiallly')","('DT', 'the')","('NN', 'matter')","('VBZ', 'is')"


"('RB', 'not')","('VB', 'decrease')","('DT', 'the')","('NNS', 'stresses')","('IN', 'in')"
"(',', ',')","('VBG', 'facing')","('DT', 'the')","('NN', 'noice')","('NN', 'pollution')"

"('VBP', 'live')","('IN', 'in')","('DT', 'the')","('NN', 'environment')","('IN', 'that')"

"('PRP', 'us')","('IN', 'on')","('DT', 'the')","('NN', 'lifestyle')","('.', '.')"
"('RB', 'away')","('IN', 'from')","('DT', 'the')","('NN', 'noise')","('NNS', 'plcaces')"
"('NNS', 'plcaces')","('TO', 'to')","('DT', 'another')","('NN', 'peace')","('.', '.')"

"('NN', 'Everyone')","('NNS', 'uses')","('DT', 'the')","('NN', 'phone')","('TO', 'to')"
"('VBZ', 'is')","('RB', 'not')","('DT', 'the')","('NN', 'matter')","('IN', 'of')"
"('NNS', 'hours')","('IN', 'in')","('DT', 'any')","('JJ', 'twenty-four')","('NNS', 'hours')"
"('CD', 'five')","('NNS', 'days')","('DT', 'a')","('NN', 'week')","('MD', 'can')"
"('VBZ', 'continues')","('IN', 'over')","('DT', 'a')","('NN', 'period')","('IN', 'of')"
"('NNP', 'Therefore')","(',', ',')","('DT', 'a')","('RB', 'little')","('NN', 'bit')"
"('JJ', 'harmful')","('IN', 'on')","('DT', 'the')","('JJ', 'long')","('NN', 'term')"



"('RB', 'away')","('IN', 'from')","('DT', 'the')","('NNS', 'resources')","('IN', 'of')"
"('TO', 'to')","('VB', 'find')","('DT', 'a')","('NN', 'peace')","('CC', 'and')"

"('NN', 'hand')","(',', ',')","('DT', 'the')","('NN', 'noise')","('NN', 'pollution')"
"('NNS', 'people')","('IN', 'in')","('DT', 'the')","('NN', 'workplace')","('VBP', 'have')"
"('TO', 'to')","('VB', 'have')","('DT', 'a')","('JJ', 'good')","('NN', 'sleep')"

"('NNS', 'neighbors')","('VBP', 'host')","('DT', 'a')","('NN', 'grant')","('NN', 'party')"
"('JJ', 'full')","('IN', 'of')","('DT', 'the')","('NN', 'sound')","('IN', 'of')"
"('JJ', 'music')","('CC', 'and')","('DT', 'the')","('NN', 'communication')","('IN', 'of')"

"('NN', 'time')","(',', ',')","('DT', 'the')","('NN', 'alarm')","('IN', 'of')"
"('NN', 'alarm')","('IN', 'of')","('DT', 'the')","('NN', 'train')","('VBG', 'going')"

"('NN', 'result')","('IN', 'of')","('DT', 'the')","('NNS', 'issues')","(',', ',')"
"('NNS', 'tasks')","('IN', 'in')","('DT', 'a')","('JJ', 'good')","('NN', 'condition')"
"('MD', 'can')","('VB', 'influence')","('DT', 'the')","('NN', 'effeciency')","('IN', 'because')"
"('IN', 'because')","('IN', 'of')","('DT', 'the')","('NN', 'noise')","('NN', 'pollution')"

"('MD', 'should')","('VB', 'find')","('DT', 'a')","('JJ', 'good')","('NN', 'situation')"

"('NN', 'hearing')","('NN', 'test')","('DT', 'each')","('NN', 'year')","('CC', 'and')"
"('NN', 'year')","('CC', 'and')","('DT', 'the')","('NNS', 'industries')","('VBP', 'provide')"
"('NNS', 'industries')","('VBP', 'provide')","('DT', 'the')","('NN', 'machinethat')","('MD', 'can')"
"('MD', 'can')","('VB', 'reduce')","('DT', 'the')","('NN', 'noise')","('IN', 'for')"

"('NN', 'conclusion')","(',', ',')","('DT', 'the')","('NN', 'effect')","('IN', 'of')"
"('TO', 'to')","('VB', 'seek')","('DT', 'a')","('JJ', 'reasonable')","('NN', 'method')"
"('TO', 'to')","('VB', 'change')","('DT', 'the')","('NN', 'pressure')","('IN', 'into')"
"('NN', 'pressure')","('IN', 'into')","('DT', 'a')","('NN', 'strength')","('.', '.')"
"('MD', 'should')","('VB', 'gain')","('DT', 'the')","('NN', 'attention')","('TO', 'to')"
"('VBG', 'dealing')","('IN', 'with')","('DT', 'the')","('NN', 'noise')","('NN', 'pollution')"
"('EX', 'There')","('VBP', 'are')","('DT', 'some')","('JJ', 'important')","('NNS', 'effects')"
"('NNP', 'Fisher')","(',', ',')","('DT', 'the')","('NN', 'author')","('IN', 'of')"
"('NN', 'author')","('IN', 'of')","('DT', 'the')","('NN', 'article')","('``', '``')"
"('MD', 'can')","('VB', 'enjoy')","('DT', 'the')","('NN', 'noise')","('IN', 'at')"
"('NN', 'noise')","('IN', 'at')","('DT', 'that')","('NN', 'moment')","(':', ';')"
"('NNS', 'people')","('VBP', 'hear')","('DT', 'the')","('NN', 'noise')","('RB', 'passively')"
"('NNS', 'constructions')","(',', ',')","('DT', 'the')","('NN', 'noise')","('MD', 'should')"

"('TO', 'To')","('VB', 'protect')","('DT', 'these')","('NNS', 'people')","(',', ',')"
"('NNS', 'goverments')","('CC', 'or')","('DT', 'the')","('JJ', 'traffic')","('NNS', 'companies')"
"('NNS', 'shutters')","('TO', 'to')","('DT', 'the')","('NNS', 'residents')","('VBZ', 'is')"

"('JJR', 'lower')","('IN', 'than')","('DT', 'the')","('JJ', 'quiet')","('NNS', 'places')"

"('NN', 'time')","(',', ',')","('DT', 'this')","('VBZ', 'is')","('RB', 'not')"
"('VBZ', 'is')","('RB', 'not')","('DT', 'the')","('NN', 'issue')","('IN', 'of')"
"('NN', 'issue')","('IN', 'of')","('DT', 'the')","('NNS', 'residents')","('WP', 'who')"
"('WP', 'who')","('RB', 'hear')","('DT', 'the')","('NN', 'noise')","('RB', 'passively')"

"('NN', 'work')","('IN', 'at')","('DT', 'the')","('NN', 'sight')","('WRB', 'where')"
"('TO', 'To')","('VB', 'protect')","('DT', 'these')","('NNS', 'people')","(',', ',')"
"('NNS', 'people')","('VBP', 'hear')","('DT', 'the')","('NN', 'noise')","('TO', 'to')"
"('NN', 'noise')","('TO', 'to')","('DT', 'a')","('JJ', 'certain')","('NN', 'amount')"
"('NN', 'time')","(',', ',')","('DT', 'some')","('NNS', 'changes')","('MD', 'will')"
"('VB', 'happen')","('IN', 'in')","('DT', 'the')","('JJ', 'electrical')","('NN', 'activity')"
"('NN', 'activity')","('IN', 'of')","('DT', 'the')","('NN', 'brain')","(',', ',')"
"('NN', 'damage')","(',', ',')","('DT', 'these')","('NNS', 'damages')","('IN', 'on')"

"('TO', 'to')","('VB', 'cure')","('DT', 'the')","('NNS', 'people')","('WP', 'who')"
"('NN', 'night')","(',', ',')","('DT', 'the')","('NNS', 'changes')","('MD', 'may')"
"('VBN', 'reduced')","(',', ',')","('DT', 'the')","('NNS', 'mistakes')","('CC', 'or')"

"('MD', 'should')","('VB', 'complete')","('DT', 'some')","('NN', 'kind')","('IN', 'of')"
"('NNP', 'Berlin')","(',', ',')","('DT', 'the')","('NN', 'author')","('IN', 'of')"
"('NN', 'author')","('IN', 'of')","('DT', 'the')","('NN', 'article')","('``', '``')"
"('EX', 'there')","('VBZ', 'is')","('DT', 'a')","('NN', 'rule')","('JJ', 'theree-minute')"
"('VBG', 'idling')","('IN', 'of')","('DT', 'the')","('NNS', 'buses')","('.', '.')"
"('NNP', 'Think')","('IN', 'about')","('DT', 'the')","('NN', 'needness')","('CC', 'and')"
"('NNS', 'buses')","(',', ',')","('DT', 'the')","('NNS', 'residents')","('IN', 'of')"
"('TO', 'To')","('VB', 'keep')","('DT', 'the')","('JJ', 'mutual')","('NNS', 'benefits')"
"('MD', 'must')","('VB', 'be')","('DT', 'some')","('NNS', 'agrremnets')","('IN', 'between')"
"('MD', 'should')","('VB', 'take')","('DT', 'some')","('NNS', 'actions')","('TO', 'to')"
"('TO', 'to')","('VB', 'acquire')","('DT', 'the')","('JJ', 'comfortable')","('NNS', 'lives')"
"('MD', 'should')","('VB', 'take')","('DT', 'some')","('NNS', 'actions')","('TO', 'to')"
"('CC', 'and')","('VB', 'protect')","('DT', 'the')","('NNS', 'people')","('IN', 'at')"
"('NNS', 'people')","('IN', 'at')","('DT', 'the')","('JJ', 'same')","('NN', 'time')"
"('VBP', 'have')","('VBN', 'changed')","('DT', 'the')","('NN', 'world')","('.', '.')"
"('VBP', 'learnt')","('IN', 'from')","('DT', 'the')","('NN', 'story')","(',', ',')"
"('NN', 'story')","(',', ',')","('DT', 'the')","('JJ', 'industrial')","('NN', 'revolution')"
"('NN', 'revolution')","('VBD', 'was')","('DT', 'the')","('JJ', 'key')","('TO', 'to')"
"('JJ', 'key')","('TO', 'to')","('DT', 'the')","('NN', 'development')","('IN', 'of')"
"('NN', 'development')","('IN', 'of')","('DT', 'the')","('NN', 'world')","('.', '.')"
"('RB', 'However')","(',', ',')","('DT', 'these')","('NNS', 'machines')","('WDT', 'that')"
"('NN', 'help')","('VBZ', 'humans')","('DT', 'a')","('NN', 'lot')","(',', ',')"
"(',', ',')","('IN', 'because')","('DT', 'some')","('NNS', 'people')","('VBP', 'are')"
"('MD', 'should')","('VB', 'take')","('DT', 'some')","('NNS', 'actions')","('JJ', 'such')"
"('TO', 'to')","('VB', 'reduce')","('DT', 'some')","('NN', 'noise')","('NN', 'pollution')"
"(',', ',')","('CC', 'and')","('DT', 'the')","('NN', 'government')","('MD', 'should')"
"('MD', 'should')","('VB', 'punish')","('DT', 'the')","('NNS', 'companies')","('WDT', 'which')"
"('WDT', 'which')","('VBP', 'make')","('DT', 'some')","('NN', 'noise')","('IN', 'above')"
"('NN', 'noise')","('IN', 'above')","('DT', 'the')","('NNS', 'limits')","('IN', 'by')"
"('NNP', 'First')","('IN', 'of')","('DT', 'all')","(',', ',')","('PRP', 'it')"
"(',', ',')","('IN', 'while')","('DT', 'some')","('NNS', 'people')","('IN', 'like')"
"('CC', 'but')","('RB', 'also')","('DT', 'some')","('NN', 'body')","('NNS', 'problems')"
"('VBZ', 'explains')","('IN', 'that')","('DT', 'the')","('NN', 'time')","('CC', 'and')"
"('NN', 'time')","('CC', 'and')","('DT', 'the')","('NN', 'level')","('NN', 'noise')"
"('WDT', 'which')","('NN', 'define')","('DT', 'the')","('NN', 'kind')","('IN', 'of')"
"('NN', 'kind')","('IN', 'of')","('DT', 'the')","('NN', 'hearing')","('NN', 'problem')"
"('VBN', 'exposed')","('TO', 'to')","('DT', 'some')","('NN', 'noise')","(',', ',')"
"('VBG', 'according')","('TO', 'to')","('DT', 'the')","('NN', 'level')","('CC', 'and')"
"('NN', 'time')","('IN', 'of')","('DT', 'the')","('NN', 'exposure')","('.', '.')"
"('NN', 'addition')","(',', ',')","('DT', 'the')","('NN', 'noise')","('NN', 'pollution')"
"('NNS', 'reports')","(',', ',')","('DT', 'some')","('NNS', 'problems')","('JJ', 'such')"
"('NNS', 'problems')","('JJ', 'such')","('DT', 'a')","('``', '``')","('NNP', 'Fatigue')"
"('NN', 'reduction')","('IN', 'of')","('DT', 'the')","('JJ', 'apptite')","('IN', 'that')"
"('VBN', 'esposed')","('TO', 'to')","('DT', 'some')","('NN', 'noise')","('.', '.')"
"('NN', 'noise')","(',', ',')","('DT', 'all')","('NNS', 'machines')","('WDT', 'that')"
"('MD', 'should')","('VB', 'have')","('DT', 'the')","('NN', 'limit')","('IN', 'from')"
"('VBP', 'mean')","(',', ',')","('DT', 'the')","('NN', 'driver')","('MD', 'should')"
"('TO', 'to')","('VB', 'follow')","('DT', 'the')","('NN', 'stright')","('NNS', 'rules')"
"('VBZ', 'reports')","('IN', 'that')","('DT', 'some')","('NNS', 'residents')","('IN', 'from')"
"('NNS', 'residents')","('IN', 'from')","('DT', 'the')","('NN', 'leafy')","('NN', 'neighborhood')"
"('VBN', 'worried')","('IN', 'about')","('DT', 'the')","('JJ', 'extensive')","('NN', 'noise')"
"('RB', 'early')","('IN', 'in')","('DT', 'the')","('NN', 'morning')","('.', '.')"
"('JJ', 'important')","('IN', 'that')","('DT', 'the')","('NNS', 'drivers')","('VBP', 'follow')"
"('NNS', 'drivers')","('VBP', 'follow')","('DT', 'the')","('NNS', 'rules')","('IN', 'in')"
"('NN', 'pollution')","(',', ',')","('DT', 'the')","('NN', 'government')","('MD', 'should')"
"('MD', 'should')","('VB', 'punish')","('DT', 'the')","('NNS', 'companies')","('WDT', 'which')"
"('NN', 'pollution')","('IN', 'above')","('DT', 'the')","('NNS', 'limits')","('VBD', 'regulated')"
"('VBZ', 'explains')","('IN', 'that')","('DT', 'the')","('NN', 'noise')","('IN', 'in')"
"('NN', 'noise')","('IN', 'in')","('DT', 'the')","('NN', 'leafy')","('NN', 'neibhborhood')"
"('VBZ', 'is')","('IN', 'above')","('DT', 'the')","('NN', 'limit')","('VBD', 'regulated')"
"('RB', 'Thus')","(',', ',')","('DT', 'the')","('NN', 'government')","('MD', 'should')"
"('MD', 'should')","('VB', 'force')","('DT', 'the')","('NNS', 'companies')","('TO', 'to')"

"('PRP$', 'their')","('NNS', 'employees')","('DT', 'the')","('NN', 'time')","('IN', 'by')"
"('TO', 'to')","('VB', 'see')","('DT', 'a')","('NNP', 'Doctor')","('.', '.')"

"('RB', 'only')","('VB', 'guarrantee')","('DT', 'the')","('NNS', 'employees')","('NN', 'safety')"

"('RB', 'not')","('VB', 'follow')","('DT', 'the')","('NNS', 'rules')","(',', ',')"
"('MD', 'should')","('VB', 'take')","('DT', 'some')","('NNS', 'actions')","('JJ', 'such')"
"('TO', 'to')","('VB', 'reduce')","('DT', 'some')","('NN', 'noise')","('NN', 'pollution')"
"(',', ',')","('CC', 'and')","('DT', 'the')","('NN', 'government')","('MD', 'should')"
"('MD', 'should')","('VB', 'punish')","('DT', 'the')","('NNS', 'companies')","('WDT', 'which')"
"('WDT', 'which')","('VBP', 'make')","('DT', 'some')","('NN', 'noise')","('IN', 'above')"
"('NN', 'noise')","('IN', 'above')","('DT', 'the')","('NNS', 'limits')","('IN', 'by')"

"('NN', 'louder')","('CC', 'and')","('DT', 'the')","('NNS', 'machinies')","('POS', ""'"")"
"('NN', 'pollution')","('IN', 'above')","('DT', 'the')","('NNS', 'limits')","('VBD', 'regulated')"
"('VBN', 'posed')","('IN', 'by')","('DT', 'the')","('NN', 'loud')","('NN', 'noise')"
"('MD', 'can')","('VB', 'affect')","('DT', 'both')","('JJ', 'physical')","('NN', 'wellbeing')"
"('NN', 'health')","('IN', 'of')","('DT', 'a')","('NN', 'person')","('.', '.')"
"('NNS', 'points')","('IN', 'out')","('DT', 'that')","('IN', 'if')","('JJ', 'long-term')"
"('NN', 'ability')","('IN', 'of')","('DT', 'a')","('NN', 'person')","('.', '.')"
"('VBG', 'working')","('IN', 'on')","('DT', 'both')","('NNS', 'levels')","('MD', 'can')"
"('MD', 'can')","('VB', 'pose')","('DT', 'a')","('JJ', 'potential')","('NN', 'damage')"
"('NN', 'activity')","('IN', 'of')","('DT', 'the')","('NN', 'brain')","(',', ',')"
"('NN', 'health')","('IN', 'of')","('DT', 'a')","('NN', 'person')","('MD', 'can')"

"('TO', 'to')","('VB', 'tackle')","('DT', 'this')","('NN', 'problem')","('.', '.')"
"('MD', 'should')","('VB', 'use')","('DT', 'all')","('DT', 'those')","('NNS', 'devices')"
"('VB', 'use')","('DT', 'all')","('DT', 'those')","('NNS', 'devices')","('IN', 'like')"
"('NN', 'help')","('VB', 'reduce')","('DT', 'the')","('NN', 'damage')","('IN', 'that')"
"('NN', 'pollution')","('NNS', 'poses')","('DT', 'a')","('JJ', 'great')","('NN', 'threat')"
"('NN', 'role')","('IN', 'in')","('DT', 'this')","('IN', 'because')","('NN', 'noise')"
"('NN', 'productivity')","('CC', 'or')","('DT', 'a')","('NN', 'worker')","(',', ',')"
"('NNS', 'changes')","('IN', 'in')","('DT', 'the')","('NN', 'law')","('CC', 'or')"
"(',', ',')","('CC', 'and')","('DT', 'no')","('NN', 'doubt')","(',', ',')"
"('NN', 'pollution')","('VBZ', 'is')","('DT', 'a')","('JJ', 'great')","('JJ', 'public')"
"('TO', 'to')","('NN', 'fight')","('DT', 'this')","('NN', 'problem')","('CC', 'and')"
"('PRP', 'it')","('IN', 'in')","('DT', 'every')","('NN', 'platform')","('.', '.')"
"('NNP', 'Controled')","('NNP', 'With')","('DT', 'the')","('NN', 'development')","('IN', 'of')"
"('NN', 'technology')","(',', ',')","('DT', 'the')","('NNS', 'people')","('POS', ""'s"")"
"('NN', 'life')","('NNS', 'gains')","('DT', 'the')","('NNS', 'benefits')","('VBP', 'becuase')"
"('VBP', 'becuase')","('IN', 'of')","('DT', 'the')","('NN', 'advancesd')","('NNS', 'techniques')"
"('NN', 'development')","(',', ',')","('DT', 'the')","('JJ', 'negative')","('NNS', 'effects')"
"('VBN', 'raisen')","('TO', 'to')","('DT', 'a')","('JJ', 'high')","('NN', 'level')"
"('NNP', 'Fisher')","(',', ',')","('DT', 'the')","('NN', 'author')","('IN', 'of')"
"('NN', 'author')","('IN', 'of')","('DT', 'the')","('NN', 'artice')","('``', '``')"
"(""''"", ""''"")","(',', ',')","('DT', 'the')","('NNS', 'effects')","('IN', 'of')"
"('NN', 'pollution')","('VBZ', 'includes')","('DT', 'the')","('NN', 'hearing')","('NN', 'demage')"
"('PRP', 'He')","('VBZ', 'analyses')","('DT', 'these')","('NN', 'defferent')","('NNS', 'influences')"
"('PRP', 'It')","('VBZ', 'is')","('DT', 'an')","('JJ', 'clear')","('NN', 'answer')"
"('NN', 'example')","(',', ',')","('DT', 'the')","('NN', 'noise')","('NN', 'form')"
"('VBN', 'exposed')","('IN', 'in')","('DT', 'those')","('NN', 'kind')","('NN', 'loud')"
"('IN', 'though')","('RB', 'just')","('DT', 'a')","('JJ', 'few')","('NNS', 'minutes')"
"('IN', 'because')","('IN', 'of')","('DT', 'the')","('RB', 'extremely')","('VBD', 'loud')"
"('NNS', 'people')","('VBP', 'heard')","('DT', 'a')","('NN', 'loud')","('NN', 'sound')"
"('NN', 'hearing')","('IN', 'in')","('DT', 'a')","('JJ', 'short')","('NN', 'time')"
"('MD', 'can')","('VB', 'shake')","('DT', 'the')","('NN', 'air')","('CC', 'and')"
"('WDT', 'which')","('VBZ', 'is')","('DT', 'the')","('NN', 'reason')","('WRB', 'why')"
"('CC', 'but')","('RB', 'just')","('DT', 'a')","('JJ', 'few')","('NNS', 'people')"
"('NNS', 'points')","('IN', 'out')","('DT', 'that')","('NN', 'noise')","('VBZ', 'interrupts')"
"(',', ',')","('RB', 'especially')","('DT', 'the')","('PRP', 'they')","('VBP', 'consider')"
"('PRP', 'they')","('VBP', 'consider')","('DT', 'the')","('NN', 'noise')","('VBZ', 'is')"
"('VBZ', 'reports')","('IN', 'that')","('DT', 'the')","('NNS', 'resudents')","('IN', 'near')"
"('NNS', 'resudents')","('IN', 'near')","('DT', 'the')","('NN', 'bus')","('NN', 'depot')"
"('MD', 'can')","('VB', 'hear')","('DT', 'the')","('NN', 'bus')","('VBG', 'idling')"
"('NN', 'bus')","('VBG', 'idling')","('DT', 'every')","('NN', 'night')","('CC', 'and')"
"('NN', 'night')","('CC', 'and')","('DT', 'every')","('JJ', 'early')","('NN', 'morning')"
"('WDT', 'which')","('VBZ', 'is')","('DT', 'a')","('NN', 'kind')","('IN', 'of')"
"('VBP', 'are')","('IN', 'in')","('DT', 'a')","('NN', 'noisy')","('NN', 'area')"
"('NN', 'area')","('IN', 'than')","('DT', 'a')","('JJ', 'quiet')","('NN', 'place')"
"('RB', 'Also')","(',', ',')","('DT', 'the')","('NNS', 'effects')","('IN', 'on')"
"('MD', 'can')","('VB', 'cause')","('DT', 'some')","('NNS', 'changes')","('IN', 'of')"
"('JJ', 'such')","('IN', 'as')","('DT', 'the')","('NN', 'brain')","('VBG', 'working')"
"('NNS', 'Experts')","('VBD', 'had')","('DT', 'some')","('NNS', 'experiments')","('IN', 'on')"
"('CC', 'and')","('VBD', 'tested')","('DT', 'the')","('NN', 'defferent')","('NN', 'reaction')"

"('NN', 'reason')","('IN', 'of')","('DT', 'these')","('NNS', 'changes')","('VBP', 'result')"

"('DT', 'That')","('VBZ', 'is')","('DT', 'the')","('NN', 'reason')","('WRB', 'why')"
"('VBN', 'mad')","('IN', 'in')","('DT', 'a')","('NN', 'noisy')","('NN', 'situation')"
"('TO', 'to')","('VB', 'consider')","('DT', 'the')","('NN', 'solution')","('IN', 'of')"
"('TO', 'to')","('VB', 'solve')","('DT', 'the')","('NN', 'noise')","('NNS', 'problems')"
"('EX', 'there')","('VBP', 'are')","('DT', 'some')","('NNS', 'samples')","('IN', 'of')"
"('NNS', 'governments')","('VBP', 'build')","('DT', 'the')","('NN', 'barrier')","('IN', 'on')"
"('NN', 'barrier')","('IN', 'on')","('DT', 'the')","('NNS', 'sides')","('IN', 'on')"
"('NNS', 'rouds')","('IN', 'in')","('DT', 'the')","('NNS', 'cities')","('.', '.')"
"('VBP', 'set')","('RP', 'up')","('DT', 'some')","('NNS', 'laws')","('WDT', 'that')"
"('RB', 'also')","('VBD', 'build')","('DT', 'some')","('NNS', 'trees')","(',', ',')"
"('CC', 'and')","('VB', 'block')","('DT', 'the')","('NN', 'spreading')","('IN', 'of')"
"('VBZ', 'gives')","('NNS', 'people')","('DT', 'an')","('NN', 'example')","(',', ',')"
"('NN', 'example')","(',', ',')","('DT', 'the')","('NNS', 'drivers')","('MD', 'should')"
"('MD', 'should')","('VB', 'obey')","('DT', 'the')","('NN', 'policy')","('IN', 'that')"
"('MD', 'should')","('VB', 'eliminate')","('DT', 'the')","('NN', 'noise')","('NN', 'pollution')"
"('RB', 'Even')","('IN', 'though')","('DT', 'some')","('NNS', 'people')","('VBP', 'enjoy')"
"('MD', 'may')","('VB', 'bother')","('DT', 'the')","('JJ', 'other')","('NNS', 'people')"
"('RB', 'also')","('VBP', 'play')","('DT', 'an')","('JJ', 'important')","('NN', 'role')"
"('TO', 'to')","('VB', 'have')","('DT', 'a')","('JJ', 'peaceful')","('NN', 'community')"
"('RB', 'rather')","('IN', 'than')","('DT', 'a')","('NN', 'noisy')","('CD', 'one')"
"('VBZ', 'is')","('RB', 'almost')","('DT', 'an')","('JJ', 'enjoyable')","('NN', 'activit')"
"(',', ',')","('IN', 'on')","('DT', 'the')","('CD', 'one')","('NN', 'hand')"

"('VBD', 'sound')","('VBZ', 'has')","('DT', 'both')","('JJ', 'positive')","('CC', 'and')"
"('VBN', 'relaxed')","(':', '-')","('DT', 'a')","('JJ', 'positive')","('NN', 'effect')"
"('IN', 'in')","('JJ', 'particular')","('DT', 'those')","('NNS', 'ones')","('WP', 'who')"

"('PRP', 'they')","('VBP', 'have')","('DT', 'the')","('NN', 'right')","('TO', 'to')"
"('NNP', 'Therefore')","(',', ',')","('DT', 'an')","('NN', 'excellent')","('NN', 'community')"
"('TO', 'to')","('VB', 'provide')","('DT', 'the')","('NNS', 'qualities')","('VBD', 'mentioned')"
"('IN', 'above')","('TO', 'to')","('DT', 'all')","('NNS', 'members')","('WP', 'who')"
"('JJ', 'live')","('IN', 'in')","('DT', 'the')","('NN', 'community')","('.', '.')"
"('VBG', 'living')","('IN', 'in')","('DT', 'a')","('JJ', 'certain')","('NN', 'community')"

"('DT', 'That')","('VBD', 'was')","('DT', 'a')","('NN', 'noise')","('NN', 'poluution')"
"('VB', 'complain')","('IN', 'because')","('DT', 'the')","('NNS', 'residents')","('IN', 'of')"
"('NNS', 'residents')","('IN', 'of')","('DT', 'that')","('NN', 'area')","('VBD', 'were')"
"('RB', 'Further')","(',', ',')","('DT', 'a')","('NN', 'resident')","('VBD', 'said')"
"('MD', 'could')","('VB', 'hear')","('DT', 'the')","('NN', 'noise')","('IN', 'at')"


"(',', ',')","('VBZ', 'is')","('DT', 'the')","('NNS', 'damages')","('WDT', 'which')"

"('PRP', 'it')","('VBZ', 'is')","('DT', 'the')","('NN', 'organ')","('IN', 'that')"
"('IN', 'that')","('VBG', 'experiencing')","('DT', 'some')","('IN', 'of')","('DT', 'the')"
"('DT', 'some')","('IN', 'of')","('DT', 'the')","('NN', 'noise')","('NN', 'pollution')"
"(',', ',')","('CC', 'and')","('DT', 'some')","('IN', 'of')","('DT', 'these')"
"('DT', 'some')","('IN', 'of')","('DT', 'these')","('NNS', 'effects')","('JJ', 'likely')"

"('NNS', 'communities')","('VBG', 'taking')","('DT', 'some')","('NNS', 'actions')","('WDT', 'that')"
"('CC', 'and')","('VBN', 'adjusted')","('DT', 'some')","('JJ', 'old')","('NNS', 'laws')"

"('NN', 'objective')","('IN', 'of')","('DT', 'these')","('NNS', 'laws')","('VBZ', 'is')"
"('NN', 'addiction')","(',', ',')","('DT', 'these')","('NNS', 'laws')","('VBP', 'consist')"
"('VBP', 'consist')","('IN', 'in')","('DT', 'a')","('NN', 'set')","('IN', 'of')"
"('WDT', 'which')","('VBZ', 'requires')","('DT', 'all')","('NNS', 'companies')","('TO', 'to')"
"('CC', 'either')","('IN', 'during')","('DT', 'the')","('NN', 'night')","('CC', 'or')"
