"(""''"", ""''"")","('VBZ', 'reports')","('IN', 'that')","('NN', 'loud')","('NN', 'noise')"
"('PRP$', 'our')","('NN', 'policy')","('WDT', 'that')","('DT', 'the')","('NNS', 'buses')"
"('DT', 'all')","('NNS', 'activities')","('WDT', 'that')","('VBP', 'promote')","('VBP', 'loud')"
"('VBN', 'pointed')","('RP', 'out')","('IN', 'that')","('NNS', 'people')","('VBP', 'are')"
"('NNS', 'people')","('IN', 'of')","('DT', 'that')","('NN', 'area')","(':', '(')"
"('IN', 'against')","('NNS', 'industries')","('WDT', 'that')","('VBN', 'built')","('PRP$', 'their')"
"('DT', 'the')","('NNS', 'industries')","('WDT', 'that')","('VBN', 'built')","('PRP$', 'their')"
"('CC', 'and')","('NN', 'tension')","('IN', 'that')","('POS', ""'s"")","('VBN', 'caused')"
"('JJ', 'physical')","('NN', 'damage')","('WDT', 'that')","('NN', 'noise')","('NN', 'pollution')"
"('RB', 'very')","('JJ', 'important')","('IN', 'that')","('NN', 'poeple')","('VB', 'take')"
"('JJ', 'serious')","('NN', 'problem')","('IN', 'that')","('NNS', 'deserves')","('DT', 'the')"
"('NN', 'pollution')","('VBZ', 'is')","('IN', 'that')","('PRP', 'it')","('VBP', 'cause')"
"('NNS', 'experts')","('VBP', 'show')","('IN', 'that')","('NN', 'noise')","('NN', 'pollution')"
"('NNP', 'Fisher')","('VBZ', 'argues')","('IN', 'that')","('NN', 'noise')","('NN', 'pollution')"
"('VBZ', 'is')","('VBN', 'shown')","('IN', 'that')","('IN', 'if')","('NN', 'noise')"
"('NNP', 'Fisher')","('VBZ', 'adds')","('IN', 'that')","('NNS', 'besides')","('VBG', 'preventing')"
"('VBP', 'belive')","('NN', 'affirm')","('IN', 'that')","('DT', 'the')","('NN', 'brain')"
"('NNP', 'Berlin')","('VBZ', 'reports')","('IN', 'that')","('NNP', 'Mounty')","('NNP', 'County')"
"('PRP', 'they')","('VBP', 'say')","('IN', 'that')","('PRP', 'they')","('MD', 'can')"
"('RB', 'unfortunately')","('VB', 'hear')","('IN', 'that')","('NN', 'noise')","('IN', 'during')"
"('NNP', 'Berlin')","('VBZ', 'adds')","('IN', 'that')","('DT', 'some')","('NNS', 'residents')"
"('NNS', 'residents')","('VBD', 'affirmed')","('IN', 'that')","('PRP', 'they')","('VBP', 'have')"
"('RB', 'once')","('RB', 'again')","('IN', 'that')","('NN', 'noise')","('NN', 'pollution')"
"('RB', 'very')","('JJ', 'clear')","('IN', 'that')","('DT', 'that')","('NN', 'noise')"
"('JJ', 'clear')","('IN', 'that')","('DT', 'that')","('NN', 'noise')","('VBD', 'disturbed')"
"('NN', 'polluition')","(',', ',')","('IN', 'that')","('NNS', 'disturbs')","('JJ', 'many')"
"('NN', 'sleep')","(',', ',')","('IN', 'that')","('NN', 'result')","('IN', 'from')"
"('NNP', 'Engineering')","('NNS', 'machines')","('WDT', 'that')","('VBP', 'make')","('JJR', 'less')"
"('JJ', 'common')","('NN', 'sense')","('IN', 'that')","('PRP', 'we')","('VBP', 'try')"
"('NNS', 'people')","('IN', 'so')","('IN', 'that')","('PRP', 'we')","('VBP', 'make')"
"('VBG', 'annoying')","('NN', 'thing')","('WDT', 'that')","('NN', 'disturb')","('CD', 'one')"
"('PRP', 'I')","('VBP', 'belive')","('IN', 'that')","('VBG', 'making')","('RB', 'so')"
"('JJ', 'loud')","('NN', 'noise')","('WDT', 'that')","('NNS', 'people')","('VBG', 'living')"
"('VBP', 'am')","('JJ', 'sure')","('IN', 'that')","('JJ', 'many')","('NNS', 'people')"
"('DT', 'the')","('NN', 'situation')","('IN', 'that')","('RB', 'often')","('VBZ', 'happes')"
"('IN', 'of')","('NN', 'noise')","('IN', 'that')","('JJ', 'interupt')","('PRP$', 'my')"
"('VBP', 'are')","('VBN', 'convinced')","('IN', 'that')","('DT', 'the')","('NN', 'noise')"
"('RB', 'scientifically')","('VBN', 'proved')","('IN', 'that')","('NN', 'hearing')","('NN', 'loud')"
"('VBZ', 'is')","('JJ', 'unreasonable')","('IN', 'that')","('NNS', 'people')","('VBP', 'get')"
"('JJ', 'many')","('NNS', 'companies')","('WDT', 'that')","('NN', 'conduct')","('NN', 'construction')"
"('IN', 'Because')","('IN', 'of')","('DT', 'that')","(',', ',')","('JJ', 'many')"
"(',', ',')","('VBD', 'promised')","('IN', 'that')","('PRP', 'they')","('VBP', 'idle')"
"('DT', 'the')","('NN', 'noise')","('IN', 'that')","('PRP$', 'their')","('NNS', 'buses')"
"('VB', 'be')","('VBN', 'helped')","('IN', 'that')","('NNS', 'companies')","('VBP', 'try')"
"('VBP', 'are')","('JJ', 'intolerable')","('IN', 'that')","('PRP', 'they')","('VBP', 'hear')"
"('VBZ', 'is')","('JJ', 'important')","('IN', 'that')","('NNS', 'companies')","('VBP', 'try')"
"('RB', 'even')","('IN', 'though')","('IN', 'that')","('VBZ', 'is')","('RB', 'not')"
"('JJ', 'current')","('NN', 'issue')","('WDT', 'that')","('NNS', 'people')","('VBP', 'harm')"
"('IN', 'for')","('VBG', 'using')","('IN', 'that')","('NN', 'energy')","('.', '.')"
"('MD', 'can')","('VB', 'say')","('IN', 'that')","('VBG', 'making')","('NN', 'noise')"
"('PRP', 'we')","('VBP', 'have')","('IN', 'that')","('IN', 'by')","('NN', 'wroking')"
"('TO', 'to')","('NNP', 'Fisher')","('IN', 'that')","('DT', 'any')","('NN', 'body')"
"('NN', 'thing')","('VBZ', 'is')","('IN', 'that')","('PRP', 'we')","('MD', 'must')"
"('NN', 'solution')","('VBZ', 'is')","('IN', 'that')","('IN', 'for')","('VBG', 'living')"
"('VBN', 'been')","('VBN', 'established')","('IN', 'that')","('NN', 'productivity')","('CC', 'and')"
"('NNP', 'County')","('NNP', 'Divisiopn')","('IN', 'that')","('DT', 'the')","('NNS', 'people')"
"('MD', 'can')","('VB', 'say')","('IN', 'that')","('IN', 'if')","('PRP', 'we')"
"('NNS', 'people')","('VBP', 'believe')","('IN', 'that')","('NN', 'noise')","('NN', 'pollution')"
"('NNS', 'people')","('VBP', 'claim')","('IN', 'that')","('PRP', 'we')","('MD', 'should')"
"('DT', 'the')","('NN', 'environment')","('IN', 'that')","('VBZ', 'is')","('VBN', 'filled')"
"('NNS', 'people')","('VBP', 'think')","('IN', 'that')","('NN', 'techology')","('MD', 'can')"
"('NN', 'concentation')","('IN', 'so')","('IN', 'that')","('NNS', 'people')","('IN', 'in')"
"('NN', 'noise')","('IN', 'at')","('DT', 'that')","('NN', 'moment')","(':', ';')"
"('JJ', 'several')","('NNS', 'ways')","('WDT', 'that')","('NNS', 'people')","('MD', 'can')"
"('VBN', 'created')","('NNS', 'machines')","('IN', 'that')","('NN', 'help')","('PRP', 'them')"
"('DT', 'these')","('NNS', 'machines')","('WDT', 'that')","('NN', 'help')","('VBZ', 'humans')"
"('VBG', 'creating')","('NNS', 'methods')","('WDT', 'that')","('NN', 'permit')","('TO', 'to')"
"('VBN', 'created')","('NNS', 'methods')","('IN', 'that')","('NN', 'permit')","('TO', 'to')"
"('NNP', 'David')","('VBZ', 'explains')","('IN', 'that')","('DT', 'the')","('NN', 'time')"
"('NN', 'hearing')","('NN', 'problem')","('IN', 'that')","('NN', 'someone')","('MD', 'can')"
"('DT', 'the')","('JJ', 'apptite')","('IN', 'that')","('VBP', 'have')","('VBN', 'been')"
"('DT', 'all')","('NNS', 'machines')","('WDT', 'that')","('NN', 'work')","('IN', 'in')"
"('NNP', 'James')","('VBZ', 'reports')","('IN', 'that')","('DT', 'some')","('NNS', 'residents')"
"('JJ', 'extensive')","('NN', 'noise')","('WDT', 'that')","('VBZ', 'buses')","('VBP', 'have')"
"('RB', 'very')","('JJ', 'important')","('IN', 'that')","('DT', 'the')","('NNS', 'drivers')"
"(',', ',')","('VBZ', 'explains')","('IN', 'that')","('DT', 'the')","('NN', 'noise')"
"('TO', 'to')","('NNS', 'companies')","('WDT', 'that')","('VBP', 'do')","('RB', 'not')"
"('NN', 'creating')","('NNS', 'methods')","('WDT', 'that')","('NN', 'permit')","('TO', 'to')"
"('NNS', 'points')","('IN', 'out')","('DT', 'that')","('IN', 'if')","('JJ', 'long-term')"
"('DT', 'the')","('NN', 'damage')","('IN', 'that')","('MD', 'could')","('VB', 'be')"
"('VB', 'amend')","('NNS', 'laws')","('WDT', 'that')","('NNS', 'endangers')","('NNS', 'labors')"
"('VB', 'enforce')","('NNS', 'laws')","('WDT', 'that')","('NN', 'prevent')","('VBP', 'noise')"
"('JJ', 'clear')","('NN', 'answer')","('IN', 'that')","('NNS', 'people')","('MD', 'should')"
"('JJ', 'common')","('NN', 'sense')","('IN', 'that')","('NN', 'loud')","('NN', 'noise')"
"('NNS', 'people')","('VBP', 'realize')","('IN', 'that')","('NN', 'noise')","('MD', 'can')"
"('NNS', 'points')","('IN', 'out')","('DT', 'that')","('NN', 'noise')","('VBZ', 'interrupts')"
"('NNP', 'He')","('VBZ', 'reports')","('IN', 'that')","('DT', 'the')","('NNS', 'resudents')"
"('DT', 'some')","('NNS', 'laws')","('WDT', 'that')","('NNS', 'people')","('MD', 'can')"
"('DT', 'the')","('NN', 'policy')","('IN', 'that')","('NN', 'bus')","('VBG', 'ilding')"
"('JJ', 'enjoyable')","('NN', 'activit')","('WDT', 'that')","('VBZ', 'makes')","('JJ', 'many')"
"('JJ', 'first')","('NN', 'reason')","('WDT', 'that')","('VBZ', 'leads')","('NNS', 'people')"
"('NN', 'point')","('VBZ', 'is')","('IN', 'that')","('NN', 'noise')","('NN', 'pollution')"
"('NNP', 'Berlin')","('VBZ', 'illustrates')","('IN', 'that')","('NNS', 'residents')","('VBD', 'were')"
"('NN', 'poluution')","('NN', 'result')","('IN', 'that')","('VBN', 'led')","('NNS', 'people')"
"('NNS', 'residents')","('IN', 'of')","('DT', 'that')","('NN', 'area')","('VBD', 'were')"
"('NN', 'resident')","('VBD', 'said')","('IN', 'that')","('PRP', 'they')","('MD', 'could')"
"('RB', 'only')","('VBP', 'show')","('IN', 'that')","('NN', 'noise')","('NN', 'pollution')"
"('JJ', 'final')","('NN', 'reason')","('WDT', 'that')","('VBZ', 'makes')","('NNS', 'people')"
"('NNS', 'people')","('VBP', 'think')","('IN', 'that')","('NN', 'noise')","('NN', 'pollution')"
"('NN', 'human')","('NN', 'organ')","('WDT', 'that')","('NN', 'noise')","('NN', 'pollution')"
"('DT', 'the')","('NN', 'organ')","('IN', 'that')","('NNS', 'receives')","('NNS', 'sounds')"
"('NNP', 'David')","('NNS', 'states')","('WDT', 'that')","('VBG', 'hearing')","('NNS', 'sounds')"
"('NNP', 'David')","('VBZ', 'explains')","('IN', 'that')","('VBG', 'experiencing')","('DT', 'some')"
"('DT', 'some')","('NNS', 'actions')","('WDT', 'that')","('MD', 'can')","('VB', 'reduce')"
"('WRB', 'where')","('VBZ', 'says')","('IN', 'that')","('``', '``')","('DT', 'The')"
"('DT', 'the')","('NN', 'mass')","('IN', 'that')","('NNS', 'suffers')","('RBR', 'more')"
"('VB', 'wear')","('NNS', 'equipments')","('WDT', 'that')","('VB', 'reduce')","('DT', 'the')"
"('NNP', 'Fisher')","('VBZ', 'says')","('IN', 'that')","('``', '``')","('RB', 'Fortunately')"
"('RB', 'still')","('VBG', 'saying')","('IN', 'that')","('PRP', 'they')","('VBP', 'are')"
"('RB', 'also')","('VBZ', 'reports')","('IN', 'that')","('``', '``')","('DT', 'Some')"
"('DT', 'a')","('NN', 'problem')","('WDT', 'that')","('VBZ', 'affects')","('JJ', 'many')"
"('DT', 'the')","('NNS', 'agents')","('WDT', 'that')","('MD', 'can')","('VB', 'help')"
"('PRP', 'he')","('VBZ', 'states')","('IN', 'that')","('NN', 'noise')","('VBZ', 'is')"
"('CD', 'two')","('NNS', 'factors')","('WDT', 'that')","('NN', 'contribute')","('TO', 'to')"
"('JJ', 'human')","('NN', 'illness')","('WDT', 'that')","('VBZ', 'is')","('DT', 'the')"
"('RB', 'apart')","('IN', 'from')","('DT', 'that')","('NN', 'environment')","(',', ',')"
"('IN', 'toward')","('NN', 'everything')","('IN', 'that')","('VBZ', 'is')","('JJ', 'abnormal')"
"('DT', 'a')","('NN', 'truck')","('WDT', 'that')","('VBD', 'was')","('VBP', 'drove')"
"('VBG', 'creating')","('NN', 'mechanism')","('WDT', 'that')","('NN', 'facilitate')","('PRP$', 'their')"
"(',', ',')","('RB', 'so')","('IN', 'that')","('NN', 'productivity')","('NN', 'grow')"
"('DT', 'the')","('NNS', 'equipments')","('WDT', 'that')","('PRP', 'they')","('VBP', 'use')"
"('VBP', 'are')","('NNS', 'tools')","('IN', 'that')","('NN', 'reduce')","('DT', 'the')"
"('NN', 'sound')","(',', ',')","('IN', 'that')","('MD', 'will')","('VB', 'protect')"
"('DT', 'Another')","('NN', 'agent')","('IN', 'that')","('MD', 'can')","('VB', 'give')"
"('NNP', 'Fisher')","('NNS', 'reports')","('WDT', 'that')","('DT', 'a')","('NN', 'automobile')"
"('VBN', 'exposed')","('TO', 'to')","('DT', 'that')","('NN', 'noise')","('IN', 'for')"
"('TO', 'to')","('NN', 'notice')","('IN', 'that')","('DT', 'a')","('NN', 'lot')"
"('RBR', 'more')","('JJ', 'automobile')","('IN', 'that')","('IN', 'near')","('TO', 'to')"
"('NNP', 'Berlim')","('NNS', 'reports')","('WDT', 'that')","('JJ', 'due')","('TO', 'to')"
"('JJ', 'new')","('NN', 'meachnism')","('WDT', 'that')","('NN', 'mitigate')","('DT', 'the')"
"('CD', 'two')","('NNS', 'groups')","('WDT', 'that')","('MD', 'can')","('VB', 'help')"
"('CC', 'and')","('NN', 'show')","('IN', 'that')","('DT', 'the')","('NN', 'problem')"
"('RBR', 'better')","('NN', 'suggestion')","('IN', 'that')","('MD', 'can')","('RB', 'not')"
"('IN', 'of')","('NN', 'noise')","('IN', 'that')","('MD', 'can')","('VB', 'be')"
"('MD', 'can')","('VB', 'assume')","('IN', 'that')","('NNS', 'exists')","('JJ', 'different')"
"('MD', 'should')","('VB', 'consider')","('DT', 'that')","('NN', 'everything')","('NN', 'present')"
"('MD', 'should')","('VB', 'consider')","('DT', 'that')","('DT', 'this')","('NN', 'activity')"
"('DT', 'the')","('NN', 'time')","('IN', 'that')","('PRP', 'he')","('MD', 'could')"
"('VB', 'know')","('IN', 'about')","('DT', 'that')","(',', ',')","('WDT', 'which')"
"('NN', 'investigation')","('VBZ', 'confirms')","('IN', 'that')","('DT', 'the')","('NN', 'community')"
"('NN', 'policy')","('IN', 'of')","('DT', 'that')","('NN', 'community')","('VBD', 'was')"
"('TO', 'to')","('VB', 'prevent')","('IN', 'that')","('NN', 'problem')","('.', '.')"
"('DT', 'some')","('NNS', 'actions')","('WDT', 'that')","('NNS', 'people')","('MD', 'can')"
"('CC', 'and')","('NNS', 'companies')","('WDT', 'that')","('RB', 'not')","('VBP', 'follow')"
"('DT', 'a')","('NN', 'problem')","('WDT', 'that')","('VBZ', 'has')","('VBN', 'affeted')"
"('NN', 'health')","('NNS', 'problems')","('WDT', 'that')","('NNS', 'faces')","('NNS', 'people')"
"('NN', 'study')","('VBG', 'caliming')","('IN', 'that')","('VBG', 'sitting')","('DT', 'all')"
"('NNS', 'doctors')","('VBP', 'agree')","('IN', 'that')","('VBG', 'sitting')","('IN', 'for')"
"('DT', 'some')","('NN', 'argue')","('IN', 'that')","('DT', 'the')","('NN', 'way')"
"('NNP', 'Fisher')","('NNS', 'thinks')","('WDT', 'that')","('VBG', 'standing')","('VBZ', 'is')"
"('DT', 'a')","('NN', 'way')","('WDT', 'that')","('VBZ', 'is')","('JJ', 'simmilar')"
"('NNS', 'scientists')","('VBP', 'say')","('IN', 'that')","('IN', 'for')","('JJ', 'short')"
"('JJ', 'suiable')","('NN', 'yet')","('IN', 'that')","('NNS', 'depends')","('IN', 'on')"
"('NNP', 'Others')","('NN', 'argue')","('IN', 'that')","('DT', 'the')","('NN', 'furniture')"
"('IN', 'by')","('VBG', 'saying')","('IN', 'that')","('NNS', 'workers')","('MD', 'should')"
"('VB', 'say')","('VBZ', 'is')","('IN', 'that')","('WRB', 'when')","('DT', 'the')"
"('NNP', 'In')","('``', '``')","('DT', 'that')","('DT', 'the')","('NN', 'flexibility')"
"('NN', 'side')","('VBP', 'believe')","('IN', 'that')","('DT', 'the')","('NN', 'furniture')"
"('NN', 'view')","('VBZ', 'is')","('IN', 'that')","('WRB', 'how')","('PRP', 'we')"
"('PRP', 'I')","('VBP', 'concede')","('IN', 'that')","('DT', 'the')","('NNS', 'seats')"
"('RB', 'still')","('VB', 'maintain')","('IN', 'that')","('DT', 'the')","('NN', 'way')"
"('JJ', 'long')","('NN', 'time')","('WDT', 'that')","('MD', 'would')","('VB', 'harm')"
"('MD', 'might')","('VB', 'argue')","('IN', 'that')","('DT', 'some')","('NNS', 'chairs')"
"('PRP', 'I')","('RB', 'reply')","('IN', 'that')","('PRP', 'it')","('VBZ', 'is')"
"('MD', 'would')","('VB', 'add')","('IN', 'that')","('EX', 'there')","('VBP', 'are')"
"('NN', 'sitting')","('NN', 'posture')","('WDT', 'that')","('VBN', 'required')","('PRP', 'us')"
"('DT', 'the')","('NN', 'sterotype')","('IN', 'that')","('VBG', 'sitting')","('JJ', 'behavior')"
"('NNP', 'Berlin')","('VBZ', 'stateds')","('IN', 'that')","('NN', 'office')","('NNS', 'chairs')"
"('DT', 'the')","('NNP', 'ReGeneration')","('IN', 'that')","('PRP', 'he')","('VBZ', 'refers')"
"('DT', 'the')","('NN', 'view')","('IN', 'that')","('PRP', 'we')","('MD', 'should')"
"('RB', 'previosly')","('VB', 'know')","('IN', 'that')","('PRP', 'they')","('MD', 'would')"
"('NNP', 'Berlin')","('NNS', 'reports')","('WDT', 'that')","('DT', 'every')","('JJ', 'reputable')"
"('NNS', 'Technics')","('IN', 'like')","('DT', 'that')","('VBP', 'have')","('VBN', 'been')"
"('TO', 'to')","('PRP', 'them')","('IN', 'that')","('MD', 'would')","('VB', 'fit')"
"('TO', 'to')","('VB', 'think')","('IN', 'that')","('NN', 'spending')","('NN', 'money')"
"('VBD', 'were')","('NNS', 'moments')","('IN', 'that')","('PRP', 'me')","('CC', 'and')"
"('RB', 'so')","('JJ', 'comfortable')","('IN', 'that')","('VBZ', 'is')","('JJ', 'impossible')"
"('JJ', 'strange')","('VBZ', 'is')","('IN', 'that')","('PRP$', 'my')","('NN', 'grandmother')"
"('PRP', 'she')","('VBD', 'said')","('IN', 'that')","('DT', 'this')","('NN', 'chair')"
"('PRP', 'me')","('IN', 'in')","('DT', 'that')","('NN', 'moment')","('DT', 'these')"
"('NN', 'Year')","('IN', 'after')","('DT', 'that')","('PRP', 'I')","('VBP', 'realize')"
"('PRP', 'I')","('VBP', 'realize')","('IN', 'that')","('DT', 'the')","('NN', 'concept')"
"('PRP', 'I')","('VBP', 'think')","('IN', 'that')","('JJ', 'have')","('DT', 'a')"
"('DT', 'the')","('NN', 'way')","('IN', 'that')","('PRP', 'you')","('VBP', 'sit')"
"('TO', 'to')","('VB', 'say')","('IN', 'that')","('PRP', 'we')","('VBP', 'have')"
"('PRP', 'They')","('VBP', 'conclude')","('IN', 'that')","('DT', 'the')","('JJS', 'best')"
"('DT', 'the')","('NN', 'way')","('IN', 'that')","('PRP', 'you')","('VBP', 'sit')"
"('VBP', 'say')","('VBZ', 'is')","('IN', 'that')","('DT', 'the')","('NNS', 'chairs')"
"('RB', 'also')","('VBD', 'said')","('IN', 'that')","('JJ', 'have')","('TO', 'to')"
"('VBZ', ""'s"")","('JJ', 'mean')","('IN', 'that')","('JJ', 'chair')","('VBZ', 'is')"
"('IN', 'of')","('JJ', 'chair')","('IN', 'that')","('PRP', 'we')","('VBP', 'need')"
"('VB', 'happen')","('VBZ', 'is')","('IN', 'that')","('JJ', 'many')","('IN', 'of')"
"('IN', 'of')","('DT', 'this')","('WDT', 'that')","('PRP', 'you')","('VBP', 'have')"
"('PRP', 'I')","('VBP', 'conclude')","('IN', 'that')","('JJ', 'have')","('DT', 'a')"
"('JJ', 'good')","('NN', 'chair')","('WDT', 'that')","('VB', 'make')","('PRP', 'you')"
"('DT', 'the')","('NN', 'way')","('IN', 'that')","('PRP', 'you')","('VBP', 'sit')"
"('DT', 'an')","('NN', 'enviroment')","('IN', 'that')","('VBZ', 'shows')","('PRP', 'us')"
"('PRP', 'us')","('NNS', 'situations')","('WDT', 'that')","('PRP', 'we')","('VBP', 'do')"
"('DT', 'a')","('NN', 'company')","('WDT', 'that')","('VBN', 'required')","('IN', 'from')"
"('DT', 'a')","('NN', 'work')","('WDT', 'that')","('PRP', 'I')","('VBD', 'was')"
"('CC', 'but')","('IN', 'during')","('DT', 'that')","('NN', 'time')","(',', ',')"
"('IN', 'about')","('NNS', 'consequences')","('WDT', 'that')","('MD', 'could')","('VB', 'change')"
"('DT', 'a')","('NN', 'team')","('WDT', 'that')","('VBD', 'was')","('VBG', 'being')"
"('DT', 'the')","('NN', 'time')","('IN', 'that')","('PRP', 'we')","('VBP', 'are')"
"('DT', 'the')","('NN', 'chair')","('IN', 'that')","('PRP', 'I')","('VBD', 'spent')"
"('DT', 'the')","('NN', 'way')","('IN', 'that')","('PRP', 'I')","('VBP', 'sit')"
"('NNP', 'Berlin')","('NN', 'report')","('WDT', 'that')","('``', '``')","('DT', 'a')"
"('VBZ', 'proves')","('PRP', 'us')","('IN', 'that')","('EX', 'there')","('VBP', 'are')"
"('VBP', 'are')","('NNS', 'companies')","('WDT', 'that')","('VBP', 'are')","('JJ', 'responsible')"
"('DT', 'the')","('NN', 'furniture')","('IN', 'that')","('PRP', 'he')","('VBZ', 'needs')"
"('DT', 'the')","('NN', 'moment')","('IN', 'that')","('PRP', 'I')","('VBD', 'spent')"
"('DT', 'the')","('NN', 'concern')","('WDT', 'that')","('PRP', 'I')","('MD', 'should')"
"('PRP$', 'our')","('NN', 'body')","('WDT', 'that')","('MD', 'can')","('VB', 'cause')"
"('NNP', 'Siting')","(""''"", ""''"")","('WDT', 'that')","('``', '``')","('VBG', 'sitting')"
"('VBP', 'are')","('NNS', 'laws')","('IN', 'that')","('NN', 'benefit')","('DT', 'the')"
"('DT', 'the')","('NNS', 'workers')","('WDT', 'that')","('VBZ', 'works')","('IN', 'in')"
"('VBZ', 'works')","('IN', 'in')","('DT', 'that')","('NNS', 'circustances')","('.', '.')"
"('NN', 'experience')","('IN', 'in')","('DT', 'that')","('JJ', 'specific')","('NN', 'job')"
"('NN', 'person')","('IN', 'in')","('DT', 'that')","('NN', 'area')","('MD', 'should')"
"('JJ', 'ready')","('IN', 'for')","('DT', 'that')","('NN', 'responsability')","('.', '.')"
"('PRP', 'I')","('VBD', 'knew')","('IN', 'that')","(',', ',')","('IN', 'like')"
"('DT', 'a')","('NN', 'company')","('WDT', 'that')","('VBZ', 'products')","('NN', 'ketchup')"
"('JJ', 'daily')","('NN', 'problem')","('IN', 'that')","('NN', 'require')","('DT', 'a')"
"('JJ', 'big')","('NN', 'team')","('WDT', 'that')","('NN', 'study')","('CC', 'and')"
"('JJ', 'same')","('NN', 'time')","('WDT', 'that')","('PRP', 'we')","('VBP', 'have')"
"('DT', 'the')","('NN', 'furniture')","('IN', 'that')","('VBZ', 'is')","('VBG', 'supporting')"
"('NNP', 'Fisher')","('VBZ', 'says')","('IN', 'that')","('NNS', 'furnitures')","('MD', 'can')"
"('JJ', 'good')","('NN', 'design')","('WDT', 'that')","('MD', 'can')","('VB', 'be')"
"('NN', 'point')","('RP', 'out')","('IN', 'that')","('VBZ', 'is')","('JJR', 'better')"
"('RB', 'so')","('JJ', 'different')","('IN', 'that')","('PRP', 'we')","('MD', 'could')"
"('IN', 'of')","('VBG', 'sitting')","('IN', 'that')","('PRP$', 'our')","('NN', 'shape')"
"('NN', 'author')","('VBZ', 'says')","('IN', 'that')","('NN', 'chair')","('MD', 'should')"
"('RB', 'also')","('VBD', 'described')","('IN', 'that')","('NNS', 'people')","('POS', ""'s"")"
"('MD', 'might')","('VB', 'say')","('IN', 'that')","('PRP$', 'our')","('NN', 'body')"
"('JJ', 'physical')","('NN', 'preference')","('WDT', 'that')","('VBZ', 'is')","('VBN', 'described')"
"('NN', 'sitting')","('NN', 'position')","('WDT', 'that')","('NNS', 'people')","('VBP', 'prefer')"
"('DT', 'the')","('NN', 'way')","('IN', 'that')","('PRP', 'they')","('VBD', 'used')"
"('NN', 'thing')","('VBZ', 'is')","('IN', 'that')","('NNS', 'people')","('MD', 'should')"
"('PRP', 'she')","('VBZ', 'saies')","('IN', 'that')","('EX', 'there')","('VBZ', 'is')"
"('JJS', 'best')","('NN', 'chair')","('WDT', 'that')","('PRP', 'they')","('MD', 'can')"
"('JJS', 'best')","('NN', 'chair')","('WDT', 'that')","('PRP', 'they')","('MD', 'can')"
"('MD', 'will')","('VB', 'find')","('IN', 'that')","('EX', 'there')","('VBZ', 'is')"
"('JJ', 'good')","('NN', 'posture')","('WDT', 'that')","('VBZ', 'makes')","('PRP', 'them')"
"('DT', 'any')","('NN', 'posture')","('IN', 'that')","('PRP', 'they')","('VBP', 'want')"
"('DT', 'the')","('NNS', 'offices')","('WDT', 'that')","('PRP', 'they')","('MD', 'should')"
"('DT', 'no')","('NN', 'doubt')","('IN', 'that')","('JJR', 'more')","('CC', 'and')"
"('NNS', 'people')","('VBP', 'say')","('IN', 'that')","('PRP', 'they')","('MD', 'should')"
"('DT', 'the')","('NN', 'way')","('IN', 'that')","('PRP', 'they')","('VBP', 'sit')"
"(',', ',')","('CC', 'and')","('IN', 'that')","('NNS', 'means')","('PRP', 'they')"
"('NNP', 'Fisher')","('VBZ', 'says')","('IN', 'that')","('``', '``')","('NNP', 'Sitting')"
"('PRP', 'he')","('VBZ', 'says')","('IN', 'that')","('EX', 'there')","('VBP', 'are')"
"('RB', 'also')","('VBZ', 'says')","('IN', 'that')","('NNS', 'chairs')","('IN', 'for')"
"('NN', 'online')","('NN', 'article')","('WDT', 'that')","('VBD', 'was')","('VBN', 'written')"
"(',', ',')","('VBZ', 'claims')","('IN', 'that')","('DT', 'a')","('NN', 'lot')"
"('NNS', 'reports')","('VBP', 'say')","('IN', 'that')","('VBG', 'sitting')","('DT', 'all')"
"('DT', 'the')","('NN', 'fact')","('IN', 'that')","('PRP', 'they')","('VBP', 'have')"
"('NNS', 'people')","('VBP', 'know')","('IN', 'that')","('VBG', 'finding')","('DT', 'a')"
"('DT', 'A')","('NN', 'disscusion')","('WDT', 'that')","('RB', 'always')","('VBP', 'flash')"
"('DT', 'the')","('NN', 'posture')","('IN', 'that')","('NNS', 'people')","('VBP', 'use')"
"('PRP', 'They')","('VBP', 'say')","('IN', 'that')","('NNS', 'people')","('WDT', 'that')"
"('IN', 'that')","('NNS', 'people')","('WDT', 'that')","('VBP', 'do')","('PRP', 'it')"
"('RB', ""n't"")","('VB', 'perceive')","('IN', 'that')","('VBG', 'sitting')","('NN', 'errect')"
"('JJ', 'same')","('NNS', 'effects')","('WDT', 'that')","('VBG', 'sitting')","('IN', 'in')"
"('IN', 'with')","('NNS', 'adjustments')","('IN', 'that')","('NN', 'balance')","('PRP$', 'our')"
"('DT', 'any')","('NN', 'furniture')","('IN', 'that')","('NNS', 'wants')","('TO', 'to')"
"('RB', 'then')","('JJ', 'normal')","('IN', 'that')","('NNS', 'causes')","('TO', 'to')"
"('JJ', 'Other')","('NN', 'factor')","('IN', 'that')","('NN', 'influence')","('DT', 'any')"
"('DT', 'a')","('NN', 'furniture')","('WDT', 'that')","('MD', 'can')","('RB', 'easily')"
"('JJ', 'adequate')","('NN', 'chair')","('WDT', 'that')","('MD', 'will')","('VB', 'keep')"
"('NNS', 'adequates')","('NNS', 'chairs')","('WDT', 'that')","('VB', 'provide')","('DT', 'a')"
"('JJ', 'solicitous')","('IN', 'about')","('DT', 'that')","('JJ', 'specific')","('NN', 'discomfort')"
"('PRP', 'I')","('VBP', 'think')","('IN', 'that')","('VBZ', 'is')","('RBR', 'more')"
"('VBP', 'are')","('VBG', 'sitting')","('IN', 'that')","('NNS', 'helps')","('PRP', 'them')"
"('PRP', 'They')","('VBD', 'found')","('IN', 'that')","('NNS', 'definitions')","('IN', 'of')"
"('NNP', 'Berlin')","('NNS', 'asserts')","('WDT', 'that')","('RB', 'espesially')","('JJ', 'useful')"
"('NNS', 'scientists')","('VBD', 'believed')","('IN', 'that')","('DT', 'the')","('JJS', 'best')"
"('MD', 'can')","('VB', 'say')","('IN', 'that')","('DT', 'a')","('JJ', 'good')"
"('PRP', 'We')","('VBP', 'know')","('IN', 'that')","('VBG', 'staying')","('RB', 'long')"
"('NN', 'chair')","(',', ',')","('IN', 'that')","('VB', 'do')","('RB', ""n't"")"
"('IN', 'in')","('NN', 'chair')","('IN', 'that')","('MD', 'could')","('VB', 'be')"
"('JJ', 'recyclable')","('CC', 'and')","('IN', 'that')","('NN', 'cause')","('RBR', 'less')"
"('MD', 'could')","('VB', 'think')","('IN', 'that')","('DT', 'a')","('NN', 'chair')"
"('RBR', 'more')","('JJ', 'compact')","('IN', 'that')","('DT', 'a')","('RB', 'not')"
"('DT', 'all')","('NNS', 'companies')","('WDT', 'that')","('VBP', 'are')","('VBG', 'looking')"
"('PRP$', 'its')","('NN', 'sure')","('WDT', 'that')","('VBZ', 'theses')","('NNS', 'companies')"
"('MD', 'may')","('VB', 'say')","('IN', 'that')","('DT', 'the')","('NN', 'problem')"
"('JJ', 'Several')","('NNS', 'people')","('WDT', 'that')","('NN', 'work')","('VBP', 'behind')"
"(',', ',')","('NN', 'complain')","('IN', 'that')","('PRP', 'they')","('VBP', 'have')"
"('VBP', 'are')","('VBP', 'think')","('IN', 'that')","('DT', 'the')","('JJ', 'real')"
"('NN', 'fact')","('VBZ', 'is')","('IN', 'that')","('NNS', 'people')","('VBP', 'know')"
"('NNS', 'people')","('VBP', 'know')","('IN', 'that')","('NN', 'exist')","('JJ', 'several')"
"('IN', 'Because')","('IN', 'of')","('DT', 'that')","(',', ',')","('PRP', 'they')"
"('RB', 'simply')","('VB', 'say')","('IN', 'that')","('DT', 'the')","('NN', 'enterprise')"
"('NN', 'fact')","('VBZ', 'is')","('IN', 'that')","('DT', 'the')","('NN', 'body')"
"('VBZ', 'is')","('JJ', 'presumible')","('IN', 'that')","('NNS', 'people')","('VBP', 'do')"
"('VBP', 'ask')","('NN', 'someone')","('IN', 'that')","('NNS', 'works')","('IN', 'in')"
"('MD', 'would')","('VB', 'say')","('IN', 'that')","('DT', 'the')","('NN', 'chair')"
"('VBZ', 'is')","('JJ', 'obvious')","('IN', 'that')","('PRP', 'they')","('MD', 'could')"
"('MD', 'could')","('VB', 'think')","('IN', 'that')","('IN', 'because')","('PRP$', 'their')"
"('PRP$', 'their')","('NN', 'discover')","('WDT', 'that')","('PRP$', 'their')","('NN', 'boss')"
"('DT', 'the')","('NN', 'chance')","('IN', 'that')","('PRP', 'you')","('VBP', 'have')"
"('TO', 'to')","('VB', 'believe')","('IN', 'that')","('IN', 'in')","('DT', 'this')"
"('TO', 'to')","('VB', 'conclude')","('IN', 'that')","('NNS', 'chairs')","('MD', 'can')"
"('DT', 'a')","('NN', 'factor')","('WDT', 'that')","('VBZ', 'contributes')","('TO', 'to')"
"('MD', 'should')","('VB', 'know')","('IN', 'that')","('RB', 'even')","('RBR', 'more')"
"('RB', 'only')","('VBP', 'depend')","('IN', 'that')","('DT', 'the')","('NN', 'chair')"
"('CC', 'and')","('VBD', 'proved')","('IN', 'that')","('NN', 'pollution')","('NN', 'noise')"
"('NN', 'hearing')","('NN', 'demage')","('WDT', 'that')","('PRP', 'it')","('MD', 'might')"
"('TO', 'to')","('VB', 'sound')","('IN', 'that')","('VBP', 'are')","('IN', 'over')"
"('IN', 'in')","('NNS', 'places')","('WDT', 'that')","('DT', 'the')","('NN', 'sound')"
"('PRP', 'It')","('VBP', 'indicate')","('IN', 'that')","('VBG', 'living')","('JJ', 'next')"
"('NNS', 'levels')","('CC', 'and')","('IN', 'that')","('JJR', 'fewer')","('NNS', 'mistakes')"
"('PRP', 'It')","('VBP', 'indicate')","('IN', 'that')","('RB', 'even')","('DT', 'the')"
"('JJ', 'residential')","('NN', 'house')","('IN', 'that')","('PRP', 'it')","('MD', 'would')"
"('VBZ', 'is')","('RB', 'clearly')","('IN', 'that')","('DT', 'the')","('NN', 'noise')"
"('NNP', 'Fisher')","('VBZ', 'states')","('IN', 'that')","('``', '``')","('NNP', 'Interruption')"
"('WP', 'what')","('VBZ', 'means')","('DT', 'that')","('DT', 'this')","('NN', 'situation')"
"('CC', 'and')","('NNS', 'industries')","('WDT', 'that')","('NN', 'use')","('NNS', 'equipaments')"
"('VBZ', 'is')","('JJ', 'necessary')","('IN', 'that')","('NNS', 'industries')","('VBP', 'stay')"
"('NNS', 'areas')","('CC', 'and')","('IN', 'that')","('PRP', 'they')","('VBP', 'provide')"
"('NNS', 'people')","('NN', 'affirm')","('IN', 'that')","('NNS', 'buses')","('MD', 'can')"
"('VBN', 'happen')","('VBZ', 'is')","('IN', 'that')","('DT', 'some')","('NNS', 'industries')"
"('VBZ', 'is')","('NN', 'situation')","('IN', 'that')","('MD', 'can')","('DT', 'no')"
"('DT', 'the')","('JJ', 'other')","('IN', 'that')","('MD', 'will')","('VB', 'be')"
"('PRP', 'them')","(',', ',')","('IN', 'that')","('VBP', 'are')","('JJ', 'unable')"
"('VBZ', 'is')","('JJ', 'important')","('IN', 'that')","('PRP', 'they')","('VBP', 'do')"
"('NNP', 'Fisher')","('VBZ', 'says')","('IN', 'that')","('``', '``')","('JJ', 'industrial')"
"('VBZ', 'is')","('JJ', 'necessary')","('IN', 'that')","('NNS', 'industries')","('VBP', 'provide')"
"('DT', 'the')","('NN', 'noise')","('IN', 'that')","('NNS', 'people')","('VBP', 'have')"
"('NNP', 'Fisher')","('NN', 'affirm')","('WDT', 'that')","('``', '``')","('NNS', 'companies')"
"('DT', 'a')","('NN', 'comunity')","('WDT', 'that')","('VBZ', 'complains')","('IN', 'about')"
"('NNP', 'Fisher')","('VBZ', 'explains')","('IN', 'that')","('PRP', 'they')","('VBP', 'produce')"
"('PRP', 'he')","('VBZ', 'states')","('IN', 'that')","('``', '``')","('NN', 'exposure')"
"('VBZ', 'is')","('JJ', 'important')","('IN', 'that')","('NNS', 'people')","('VBP', 'use')"
"('TO', 'to')","('VB', 'realize')","('IN', 'that')","('DT', 'a')","('NN', 'subway')"
"('JJ', 'big')","('NN', 'problem')","('IN', 'that')","('DT', 'the')","('NN', 'humanity')"
"('DT', 'the')","('NNS', 'noises')","('WDT', 'that')","('VBZ', 'comes')","('IN', 'from')"
"('DT', 'a')","('NN', 'limit')","('WDT', 'that')","('VBZ', 'humans')","('MD', 'can')"
"('VBZ', 'is')","('JJ', 'true')","('IN', 'that')","('DT', 'some')","('NNS', 'people')"
"('DT', 'A')","('NN', 'noise')","('WDT', 'that')","('VBZ', 'affects')","('DT', 'the')"
"('NN', 'productivity')","('PRP', 'it')","('IN', 'that')","('CD', 'one')","('DT', 'Some')"
"('DT', 'some')","('NNS', 'issues')","('WDT', 'that')","('NNS', 'residents')","('IN', 'of')"
"('RB', 'also')","('NN', 'garantee')","('IN', 'that')","('NNS', 'noises')","('IN', 'from')"
"('JJ', 'verbal')","('NN', 'communication')","('WDT', 'that')","('VBZ', 'is')","('JJ', 'efficient')"
"('DT', 'the')","('NN', 'way')","('IN', 'that')","('NNS', 'people')","('VBP', 'deal')"
"('VBN', 'Based')","('IN', 'on')","('DT', 'that')","(',', ',')","('VBZ', 'communities')"
"('DT', 'the')","('NNS', 'effects')","('WDT', 'that')","('PRP', 'it')","('MD', 'can')"
"('NN', 'noise')","('NN', 'pollution')","('WDT', 'that')","('VBN', 'exceed')","('DT', 'the')"
"(',', ',')","('IN', 'for')","('DT', 'that')","('NN', 'reason')","('DT', 'these')"
"('DT', 'the')","('NNS', 'situtations')","('WDT', 'that')","('NNS', 'residents')","('VBP', 'have')"
"('VBZ', 'is')","('JJ', 'clear')","('IN', 'that')","('NNS', 'precautions')","('MD', 'must')"
"('MD', 'can')","('VB', 'infer')","('IN', 'that')","('VBN', 'listen')","('TO', 'to')"
"('JJ', 'important')","('IN', 'on')","('DT', 'that')","(',', ',')","('DT', 'the')"
"('RB', 'even')","('VB', 'know')","('IN', 'that')","('DT', 'this')","('NN', 'pollution')"
"('NN', 'example')","('IN', 'of')","('DT', 'that')","('VBZ', 'is')","('DT', 'the')"
"('DT', 'the')","('NNS', 'industries')","('WDT', 'that')","('NN', 'affect')","('JJ', 'many')"
"('JJ', 'noisy')","('IN', 'in')","('DT', 'that')","('NN', 'area')","(',', ',')"
"(""''"", ""''"")","('VBZ', 'says')","('IN', 'that')","('DT', 'the')","('NN', 'noise')"
"('TO', 'to')","('VB', 'conclude')","('IN', 'that')","('DT', 'the')","('NN', 'noise')"
"('DT', 'some')","('NNS', 'studies')","('WDT', 'that')","('VBZ', 'says')","('IN', 'that')"
"('WDT', 'that')","('VBZ', 'says')","('IN', 'that')","('NN', 'noise')","('NN', 'pollution')"
"('CC', 'and')","('IN', 'after')","('DT', 'that')","('VBZ', 'is')","('JJ', 'possible')"
"('JJ', 'Other')","('NN', 'problem')","('IN', 'that')","('MD', 'might')","('VB', 'be')"
"('NNS', 'people')","('VBP', 'know')","('IN', 'that')","('DT', 'this')","('NN', 'noisy')"
"('NN', 'midnight')","('NN', 'party')","('WDT', 'that')","('NN', 'someone')","('VBD', 'made')"
"('DT', 'the')","('NN', 'know')","('IN', 'that')","('DT', 'this')","('NN', 'noisy')"
"('TO', 'to')","('VB', 'conclude')","('IN', 'that')","('DT', 'the')","('NN', 'noise')"
"('NN', 'goverment')","('NN', 'know')","('IN', 'that')","('DT', 'the')","('NN', 'noisy')"
"('NNS', 'people')","('IN', 'in')","('DT', 'that')","('NN', 'place')","('.', '.')"
"('DT', 'the')","('NN', 'seem')","('IN', 'that')","('EX', 'there')","('VBZ', 'is')"
"('NN', 'problem')","('VBZ', 'is')","('IN', 'that')","('PRP', 'they')","('VBP', 'gradual')"
"('VBZ', 'is')","('RB', 'truly')","('IN', 'that')","('PRP', 'it')","('VBZ', 'is')"
"('CC', 'and')","('IN', 'if')","('DT', 'that')","('NN', 'time')","('VBD', 'were')"
"('DT', 'a')","('NN', 'reaction')","('WDT', 'that')","('MD', 'can')","('VB', 'develop')"
"('TO', 'to')","('VB', 'solve')","('IN', 'that')","('NN', 'problem')","('.', '.')"
"('DT', 'some')","('NNS', 'residents')","('WDT', 'that')","('VBP', 'leave')","('IN', 'near')"
"('NN', 'policy')","('VBZ', 'is')","('IN', 'that')","('PRP', 'we')","('VBP', 'do')"
"(""''"", ""''"")","('RB', 'differently')","('IN', 'that')","('VBD', 'was')","('IN', 'in')"
"('VBZ', 'argues')","('IN', 'about')","('DT', 'that')","(':', ':')","('``', '``')"
"('NNS', 'levels')","('CC', 'and')","('IN', 'that')","('JJR', 'fewer')","('NNS', 'mistakes')"
"('JJ', 'normal')","('NN', 'point')","('WDT', 'that')","('NNS', 'people')","('VBP', 'argument')"
"(',', ',')","('VBG', 'justifying')","('IN', 'that')","('DT', 'some')","('NNS', 'noises')"
"(',', ',')","('IN', 'in')","('DT', 'that')","('NN', 'way')","(',', ',')"
"('DT', 'a')","('NN', 'price')","('WDT', 'that')","('NN', 'everybody')","('MD', 'must')"
"('CC', 'and')","('NNS', 'industries')","('WDT', 'that')","('VBZ', 'has')","('VBN', 'boosted')"
"('DT', 'the')","('NN', 'idea')","('IN', 'that')","('DT', 'the')","('NN', 'noise')"
"('NN', 'health')","('NN', 'concern')","('WDT', 'that')","('RB', 'not')","('RB', 'only')"
"('TO', 'to')","('VB', 'noise')","('IN', 'that')","('VBN', 'exceed')","('CD', '90')"
"('JJ', 'traffic')","('NNS', 'jams')","('WDT', 'that')","('VBP', 'are')","('DT', 'the')"
"(',', ',')","('VBG', 'considering')","('IN', 'that')","('DT', 'the')","('NN', 'majority')"
"('IN', 'of')","('NNS', 'buses')","('WDT', 'that')","('VBD', 'did')","('RB', 'not')"
"('DT', 'the')","('NNS', 'engines')","('WDT', 'that')","('VBZ', 'moves')","('PRP$', 'our')"
"('DT', 'The')","('NN', 'scenario')","('IN', 'that')","('PRP', 'we')","('VBP', 'have')"
"('VBP', 'are')","('NNS', 'companies')","('WDT', 'that')","('VBD', 'did')","('RB', 'not')"
"('VBD', 'was')","('VBN', 'comproved')","('IN', 'that')","('DT', 'the')","('NN', 'bus')"
"('VBZ', 'has')","('VBN', 'claimed')","('IN', 'that')","('DT', 'the')","('NN', 'company')"
"('DT', 'the')","('NN', 'noise')","('IN', 'that')","('MD', 'should')","('VB', 'be')"
"('JJ', 'short')","('NN', 'period')","('WDT', 'that')","('MD', 'can')","('VB', 'improve')"
"('DT', 'the')","('NN', 'way')","('IN', 'that')","('PRP', 'they')","('MD', 'can')"
"('IN', 'of')","('PRP', 'them')","('IN', 'that')","('RB', 'still')","('VB', 'produce')"
"('DT', 'a')","('NN', 'person')","('WDT', 'that')","('VBZ', 'is')","('RB', 'very')"
"('DT', 'the')","('NN', 'harmless')","('IN', 'that')","('PRP', 'it')","('VBZ', 'causes')"
"('JJ', 'complex')","('NN', 'problem')","('IN', 'that')","(',', ',')","('RB', 'probably')"
"('DT', 'the')","('NN', 'fact')","('IN', 'that')","('JJ', 'loud')","('NNS', 'souds')"
"(""''"", ""''"")","('VBZ', 'explains')","('IN', 'that')","('DT', 'the')","('``', '``')"
"('VBZ', 'says')","('RB', 'also')","('IN', 'that')","('DT', 'the')","('JJ', 'main')"
"('IN', 'of')","('NNS', 'situations')","('WDT', 'that')","('DT', 'the')","('NN', 'risk')"
"('DT', 'a')","('NN', 'company')","('WDT', 'that')","('EX', 'there')","('VBZ', 'is')"
"('DT', 'a')","('NN', 'company')","('WDT', 'that')","('VBZ', 'produces')","('VBP', 'noise')"
"('NN', 'student')","('IN', 'in')","('DT', 'that')","('NN', 'example')","('VBZ', 'is')"
"('NN', 'company')","('IN', 'near')","('DT', 'that')","('VBP', 'have')","('DT', 'a')"
"('DT', 'a')","('NN', 'neighbor')","('WDT', 'that')","('VBZ', 'enjoys')","('TO', 'to')"
"('NNP', 'Fisher')","('VBZ', 'emphasizes')","('IN', 'that')","('VBG', 'being')","('NN', 'exposure')"
"('DT', 'the')","('NN', 'reason')","('IN', 'that')","('DT', 'the')","('NNS', 'drivers')"
"('JJ', 'huge')","('NN', 'problem')","('IN', 'that')","('VBN', 'contributed')","('TO', 'to')"
"('NNS', 'buses')","('VBG', 'saying')","('IN', 'that')","('NNS', 'drivers')","('VBP', 'have')"
"('DT', 'the')","('NN', 'moment')","('IN', 'that')","('NNS', 'people')","('VBZ', 'is')"
"('NNS', 'points')","('IN', 'out')","('DT', 'that')","('NN', 'noise')","('VBZ', 'sounds')"
"('DT', 'the')","('NN', 'fact')","('IN', 'that')","('PRP', 'I')","('VBD', 'was')"
"('JJ', 'huge')","('NN', 'exam')","('WDT', 'that')","('MD', 'would')","('VB', 'change')"
"('DT', 'a')","('NN', 'problem')","('WDT', 'that')","('NNS', 'people')","('VBP', 'need')"
"('IN', 'for')","('NNS', 'problems')","('WDT', 'that')","('MD', 'may')","('VB', 'lead')"
"('JJ', 'huge')","('NN', 'problem')","('IN', 'that')","('NNS', 'people')","('MD', 'should')"
"('PRP', 'themselves')","('IN', 'against')","('DT', 'that')","('NN', 'applying')","('JJ', 'effective')"
"('DT', 'the')","('NNS', 'benefits')","('WDT', 'that')","('JJ', 'Industrial')","('NN', 'Revolution')"
"('IN', 'of')","('NNS', 'machines')","('WDT', 'that')","('VBN', 'complimented')","('DT', 'the')"
"('JJ', 'big')","('NNS', 'corporations')","('WDT', 'that')","('VBP', 'are')","('VBG', 'installing')"
"('VBP', 'are')","('VBG', 'producing')","('IN', 'that')","('NN', 'food')","('.', '.')"
"('JJS', 'strongest')","('NNS', 'legislations')","('WDT', 'that')","('VBN', 'set')","('NNS', 'boundaries')"
"('JJ', 'huge')","('NNS', 'corporations')","('WDT', 'that')","('NN', 'use')","('VBD', 'advanced')"
"('NN', 'process')","('NN', 'believe')","('IN', 'that')","('DT', 'this')","('NN', 'kind')"
"('MD', 'can')","('VB', 'see')","('IN', 'that')","('RB', 'instead')","('IN', 'of')"
"('IN', 'of')","('NN', 'technology')","('IN', 'that')","('NN', 'increase')","('DT', 'the')"
"('NNS', 'consequences')","('RB', 'once')","('IN', 'that')","('IN', 'in')","('DT', 'these')"
"('MD', 'can')","('VB', 'conclude')","('IN', 'that')","('MD', 'would')","('VB', 'be')"
"('PRP', 'I')","('VBP', 'believe')","('IN', 'that')","('VBG', 'developing')","('NNS', 'nations')"
"('VBZ', 'besides')","('VB', 'provide')","('IN', 'that')","('DT', 'the')","('NN', 'price')"
"('DT', 'this')","('NNS', 'countries')","('IN', 'that')","('RB', 'naturaly')","('VBZ', 'has')"
"('NN', 'pollution')","('RB', 'once')","('IN', 'that')","('DT', 'this')","('JJ', 'big')"
"('DT', 'the')","('NN', 'governemnt')","('IN', 'that')","('RB', 'also')","('MD', 'will')"
"('MD', 'would')","('VB', 'argue')","('IN', 'that')","('IN', 'whether')","('VBG', 'developing')"
"('RB', 'very')","('JJ', 'true')","('IN', 'that')","('NN', 'factory')","('NNS', 'farms')"
"('PRP', 'They')","('VBP', 'argue')","('IN', 'that')","('DT', 'these')","('NNS', 'drugs')"
"('DT', 'the')","('NN', 'environment')","('IN', 'that')","('PRP', 'they')","('VBP', 'are')"
"('NNS', 'advocates')","('VBP', 'claim')","('IN', 'that')","('NNS', 'pesticides')","('IN', 'in')"
"('JJS', 'biggest')","('NN', 'thing')","('WDT', 'that')","('PRP', 'they')","('VBP', 'care')"
"('MD', 'would')","('VB', 'argue')","('IN', 'that')","('JJ', 'industrial')","('NNS', 'techniques')"
"('VBZ', 'is')","('JJ', 'true')","('IN', 'that')","('JJS', 'most')","('IN', 'of')"
"(',', ',')","('VBP', 'conclude')","('IN', 'that')","('NN', 'agriculture')","('MD', 'must')"
"('DT', 'the')","('NNS', 'wastes')","('WDT', 'that')","('NN', 'contain')","('DT', 'some')"
"('PRP', 'It')","('VBZ', 'means')","('IN', 'that')","('DT', 'those')","('NNS', 'industries')"
"('NN', 'farming')","('NN', 'pretend')","('WDT', 'that')","('EX', 'there')","('VBZ', 'is')"
"('IN', 'on')","('JJ', 'earth')","('IN', 'that')","('EX', 'there')","('VBZ', 'is')"
"('DT', 'the')","('NNS', 'progresses')","('WDT', 'that')","('VBP', 'have')","('VBN', 'been')"
"('NN', 'problem')","('VBZ', 'is')","('IN', 'that')","('PRP', 'it')","('VBZ', 'takes')"
"('PRP$', 'his')","('NN', 'article')","('IN', 'that')","(',', ',')","(':', ':')"
"('VBN', 'been')","('VBN', 'proved')","('IN', 'that')","('JJ', 'small')","('NNS', 'farms')"
"('DT', 'no')","('NN', 'doubt')","('IN', 'that')","('VBG', 'farming')","('NNS', 'plays')"
"('DT', 'a')","('NN', 'controvesy')","('WDT', 'that')","('NNS', 'people')","('MD', 'can')"
"('IN', 'of')","('NN', 'pollution')","('IN', 'that')","('NNS', 'people')","('RB', 'even')"
"('NNS', 'Critices')","('VBP', 'say')","('IN', 'that')","('DT', 'this')","('JJ', 'industrial')"
"('DT', 'the')","('NN', 'view')","('IN', 'that')","('DT', 'the')","('NN', 'food')"
"('DT', 'the')","('NN', 'aim')","('IN', 'that')","('NNS', 'people')","('VB', 'develop')"
"('MD', 'can')","('VB', 'know')","('IN', 'that')","('DT', 'the')","('VBG', 'coming')"
"('NN', 'food')","('IN', 'so')","('IN', 'that')","('PRP', 'they')","('VBP', 'want')"
"('RB', 'also')","(',', ',')","('IN', 'that')","('VBZ', 'is')","('WRB', 'why')"
"('CC', 'and')","('NNS', 'risks')","('WDT', 'that')","('NNS', 'people')","('VBP', 'have')"
"('DT', 'a')","('NN', 'tool')","('WDT', 'that')","('VBZ', 'improves')","('JJ', 'traditional')"
"('NN', 'problem')","('VBZ', 'is')","('IN', 'that')","('NN', 'factory')","('VBG', 'farming')"
"('VBZ', 'advocates')","('NN', 'claim')","('IN', 'that')","('NNS', 'pesticides')","('IN', 'in')"
"('NN', 'money')","('IN', 'so')","('IN', 'that')","('PRP', 'they')","('VBP', 'use')"
"('DT', 'no')","('NN', 'doubt')","('IN', 'that')","('NN', 'factory')","('NNS', 'farms')"
"('NNS', 'people')","('VBP', 'believe')","('IN', 'that')","('NN', 'factory')","('VBG', 'farming')"
"('JJR', 'newspaper')","('NNS', 'reports')","('IN', 'that')","('DT', 'a')","('NN', 'host')"
"('RB', 'enough')","('RB', 'so')","('IN', 'that')","('NNS', 'people')","('VBP', 'are')"
"('VBZ', 'is')","('JJ', 'true')","('IN', 'that')","('NN', 'factory')","('NNS', 'farms')"
"('NNP', 'Berlin')","('VBZ', 'explains')","('IN', 'that')","('IN', 'if')","('NN', 'factory')"
"('NNP', 'Fisher')","('VBD', 'expained')","('IN', 'that')","('JJ', 'indutrial')","('NN', 'production')"
"('PRP', 'I')","('VBP', 'maintain')","('IN', 'that')","('JJ', 'small')","('NN', 'farm')"
"('JJ', 'old')","('NN', 'time')","('WDT', 'that')","('NNS', 'people')","('POS', ""'s"")"
"('DT', 'the')","('NN', 'way')","('IN', 'that')","('NN', 'industry')","('VBG', 'using')"
"('DT', 'the')","('NN', 'arugement')","('IN', 'that')","('IN', 'whether')","('NNS', 'people')"
"('NNS', 'people')","('NNS', 'thinks')","('WDT', 'that')","('NNS', 'nations')","('RB', 'even')"
"('NNS', 'people')","('NNS', 'thinks')","('WDT', 'that')","('PRP', 'they')","('MD', 'should')"
"('JJ', 'same')","('NN', 'time')","('WDT', 'that')","('NN', 'compare')","('TO', 'to')"
"('NN', 'money')","('IN', 'so')","('IN', 'that')","('PRP', 'they')","('MD', 'can')"
"('DT', 'the')","('NNS', 'results')","('WDT', 'that')","('PRP', 'they')","('VBP', 'obtain')"
"('DT', 'a')","('NN', 'country')","('WDT', 'that')","('VBZ', 'is')","('VBN', 'known')"
"('JJ', 'good')","('NN', 'question')","('WDT', 'that')","('MD', 'could')","('VB', 'be')"
"('RB', 'really')","('VBP', 'believe')","('IN', 'that')","('DT', 'those')","('NN', 'kind')"
"('CC', 'and')","('NN', 'knowlege')","('IN', 'that')","('PRP$', 'their')","('NNS', 'people')"
"('JJ', 'many')","('NNS', 'reasons')","('WDT', 'that')","('NN', 'support')","('DT', 'the')"
"('DT', 'the')","('NN', 'thesis')","('IN', 'that')","('NNS', 'schools')","('MD', 'should')"
"('IN', 'of')","('NNS', 'tests')","('WDT', 'that')","('DT', 'the')","('NNS', 'students')"
"('JJ', 'multiple-choice')","('NN', 'test')","('WDT', 'that')","('VBD', 'was')","('VBN', 'created')"
"('DT', 'a')","('NN', 'point')","('WDT', 'that')","('DT', 'a')","('NN', 'lot')"
"('PRP', 'it')","('VBZ', 'is')","('IN', 'that')","('PRP', 'they')","('VBP', 'are')"
"('DT', 'some')","('NNS', 'facts')","('WDT', 'that')","('MD', 'can')","('VB', 'make')"
"('DT', 'a')","('NN', 'way')","('WDT', 'that')","('VBZ', 'is')","('RB', 'not')"
"('PRP', 'It')","('VBZ', 'means')","('IN', 'that')","('PRP', 'they')","('MD', 'would')"
"('DT', 'the')","('NN', 'time')","('IN', 'that')","('PRP', 'they')","('VBP', 'do')"
"(',', ',')","('VBG', 'considering')","('IN', 'that')","('PRP', 'they')","('VBP', 'have')"
"('JJ', 'standard')","('NN', 'test')","('WDT', 'that')","('DT', 'all')","('DT', 'the')"
"('VBD', 'was')","('RB', 'worse')","('IN', 'that')","('DT', 'the')","('CD', 'one')"
"('DT', 'the')","('CD', 'one')","('WDT', 'that')","('PRP$', 'my')","('NN', 'family')"
"('NNS', 'students')","('VBP', 'prove')","('IN', 'that')","('PRP', 'they')","('VBP', 'have')"
"('NNS', 'skills')","('CC', 'or')","('IN', 'that')","('PRP', 'they')","('VBP', 'are')"
"('DT', 'the')","('JJ', 'major')","('IN', 'that')","('PRP', 'they')","('VBP', 'want')"
"('DT', 'the')","('NN', 'place')","('IN', 'that')","('PRP', 'they')","('VBP', 'want')"
"('DT', 'the')","('NN', 'way')","('IN', 'that')","('DT', 'the')","('NNS', 'schools')"
"(',', ',')","('CC', 'and')","('IN', 'that')","('VBZ', 'is')","('DT', 'a')"
"('DT', 'a')","('NN', 'duty')","('WDT', 'that')","('DT', 'the')","('NNS', 'people')"
"('JJ', 'standard')","('NNS', 'tests')","('WDT', 'that')","('MD', 'may')","('VB', 'give')"
"('TO', 'to')","('VB', 'show')","('IN', 'that')","('PRP', 'they')","('VBP', 'have')"
"('DT', 'the')","('NNS', 'capacities')","('WDT', 'that')","('PRP', 'they')","('VBP', 'are')"
"('DT', 'An')","('NN', 'issue')","('IN', 'that')","('MD', 'would')","('VB', 'be')"
"('MD', 'could')","('VB', 'mean')","('IN', 'that')","('PRP', 'he/she')","('VBD', 'learned')"
"('DT', 'the')","('NNS', 'contents')","('WDT', 'that')","('VBP', 'are')","('VBN', 'supossed')"
"('DT', 'every')","('JJ', 'individual')","('IN', 'that')","('VBZ', 'goes')","('TO', 'to')"
"('MD', 'could')","('VB', 'mean')","('IN', 'that')","('PRP', 'he/she')","('VBZ', 'is')"
"('NN', 'problem')","('VBZ', 'is')","('IN', 'that')","('DT', 'the')","('NNS', 'countries')"
"('DT', 'the')","('NNS', 'students')","('WDT', 'that')","('VBP', 'want')","('TO', 'to')"
"('DT', 'the')","('NNS', 'differences')","('WDT', 'that')","('VBP', 'allow')","('PRP', 'them')"
"('IN', 'After')","('VBG', 'knowing')","('IN', 'that')","('NN', 'information')","('PRP', 'it')"
"('NN', 'student')","('NNS', 'achievements')","('WDT', 'that')","('DT', 'every')","('NN', 'student')"
"('DT', 'the')","('NN', 'process')","('IN', 'that')","('NNS', 'students')","('NN', 'experience')"
"('MD', 'should')","('VB', 'expect')","('IN', 'that')","('DT', 'the')","('JJ', 'final')"
"('DT', 'the')","('NNS', 'outcomes')","('WDT', 'that')","('NNS', 'students')","('CC', 'and')"
"('NN', 'student')","('NNS', 'achievements')","('WDT', 'that')","('DT', 'the')","('NNS', 'countries')"
"('NNS', 'tests')","(',', ',')","('IN', 'that')","('VBP', 'are')","('RB', 'clearly')"
"('RB', 'also')","('VBP', 'know')","('IN', 'that')","('NNS', 'tests')","('VBP', 'are')"
"('DT', 'the')","('NNS', 'ways')","('WDT', 'that')","('IN', 'that')","('PRP', 'they')"
"('NNS', 'ways')","('WDT', 'that')","('IN', 'that')","('PRP', 'they')","('MD', 'can')"
"('JJ', 'good')","('NN', 'idea')","('IN', 'that')","('DT', 'the')","('NNS', 'schools')"
"('DT', 'the')","('NNS', 'things')","('IN', 'that')","('NNS', 'students')","('CC', 'and')"
"('DT', 'the')","('NN', 'test')","('IN', 'that')","('VBZ', 'is')","('VBN', 'called')"
"('DT', 'the')","('NN', 'possibility')","('IN', 'that')","('DT', 'the')","('NN', 'company')"
"('DT', 'the')","('NN', 'fact')","('IN', 'that')","('TO', 'to')","('VB', 'focus')"
"('NNS', 'scores')","('NNS', 'causes')","('WDT', 'that')","('NN', 'student')","('POS', ""'s"")"
"('DT', 'a')","('NN', 'result')","('WDT', 'that')","('TO', 'to')","('VB', 'take')"
"('CD', 'one')","('NN', 'ability')","('WDT', 'that')","('VBZ', 'is')","('RB', 'just')"
"('DT', 'the')","('NN', 'fact')","('IN', 'that')","('NNS', 'students')","('VBZ', 'does')"
"('NNP', 'Rothstein')","('VBZ', 'states')","('IN', 'that')","('PRP', 'it')","('VBZ', 'is')"
"('NN', 'experience')","('VBZ', 'shows')","('IN', 'that')","('JJ', 'standardized')","('NN', 'testing')"
"('NNP', 'Berlin')","('NNS', 'mentions')","('WDT', 'that')","('DT', 'this')","('``', '``')"
"('NNP', 'Washington')","(',', ',')","('IN', 'that')","('``', '``')","(':', '...')"
"('NN', 'remark')","('VBZ', 'supports')","('IN', 'that')","('DT', 'the')","('NNP', 'U.S.')"
"('DT', 'the')","('NNS', 'scores')","('WDT', 'that')","('NNS', 'students')","('VBP', 'achieve')"
"('NN', 'problem')","('VBZ', 'is')","('IN', 'that')","('DT', 'this')","('NNS', 'tests')"
"('DT', 'a')","('NN', 'way')","('WDT', 'that')","('DT', 'all')","('IN', 'of')"
"('NNP', 'Fisher')","('NNS', 'mentions')","('WDT', 'that')","('``', '``')","('RB', 'Prior')"
"('VBZ', 'is')","('VBN', 'known')","('IN', 'that')","('JJ', 'many')","('NNS', 'schools')"
"('IN', 'of')","('NN', 'testing')","('IN', 'that')","('VBZ', 'is')","('JJ', 'apropiate')"
"('DT', 'all')","('VBP', 'know')","('IN', 'that')","('DT', 'this')","('VBZ', 'is')"
"(',', ',')","('CD', 'one')","('WDT', 'that')","('VBZ', 'does')","('RB', 'not')"
"('VB', 'think')","('IN', 'of')","('DT', 'that')","('IN', 'if')","('NNS', 'students')"
"('POS', ""'"")","('NN', 'ability')","('IN', 'that')","('NN', 'fail')","('CC', 'or')"
"('PRP$', 'their')","('NN', 'ability')","('WDT', 'that')","('NN', 'fail')","('CC', 'or')"
"('DT', 'the')","('NN', 'concern')","('WDT', 'that')","('PRP', 'US')","('VBZ', 'schools')"
"('JJ', 'many')","('NNS', 'reasons')","('WDT', 'that')","('NNS', 'students')","('VBP', 'are')"
"('VB', 'be')","('VBN', 'distinguished')","('IN', 'that')","('VB', 'do')","('PRP', 'they')"
"('PRP', 'I')","('VBP', 'think')","('IN', 'that')","('PRP', 'I')","('VBP', 'need')"
"('NNS', 'people')","('VBP', 'say')","('IN', 'that')","('NN', 'achievement')","('NN', 'offer')"
"('PRP$', 'your')","('NNS', 'tests')","('WDT', 'that')","('PRP', 'you')","('MD', 'can')"
"('DT', 'no')","('NN', 'dening')","('IN', 'that')","('DT', 'the')","('JJ', 'current')"
"('DT', 'the')","('NN', 'world')","('DT', 'that')","('PRP', 'we')","('VBP', 'live')"
"('DT', 'a')","('JJ', 'prepective')","('IN', 'that')","('MD', 'would')","('VB', 'folow')"
"('JJ', 'standardized')","('NN', 'knownleadge')","('WDT', 'that')","('MD', 'could')","('VB', 'be')"
"('TO', 'to')","('VB', 'certify')","('IN', 'that')","('DT', 'all')","('JJ', 'chinese')"
"('VBN', 'standerdized')","('NNS', 'tests')","('IN', 'that')","('VBD', 'were')","('VBN', 'inplemented')"
"('DT', 'no')","('NN', 'surprise')","('IN', 'that')","('DT', 'the')","('NNP', 'US')"
"('JJ', 'few')","('NNS', 'schools')","('WDT', 'that')","('VBN', 'existed')","('IN', 'in')"
"('VBN', 'existed')","('IN', 'in')","('DT', 'that')","('NN', 'era')","('VBD', 'helped')"
"('NN', 'inteligence')","('NN', 'test')","('IN', 'that')","('VBZ', 'is')","('EX', 'there')"
"('PRP$', 'my')","('NNS', 'convictions')","('WDT', 'that')","('PRP', 'it')","('MD', 'should')"
"('VBP', 'have')","('VBN', 'showed')","('IN', 'that')","('IN', 'in')","('DT', 'every')"
"('CC', 'and')","('IN', 'after')","('DT', 'that')","('PRP', 'they')","('``', '``')"
"('NN', 'fact')","('VBZ', 'is')","('IN', 'that')","('NN', 'peolpe')","('IN', 'like')"
"('NN', 'smart')","('NN', 'guy')","('WDT', 'that')","('VBZ', 'is')","('VBG', 'learning')"
"('DT', 'a')","('NN', 'pearson')","('WDT', 'that')","('IN', 'in')","('NN', 'reality')"
"('DT', 'the')","('NN', 'fact')","('IN', 'that')","('PRP$', 'its')","('JJ', 'hard')"
"('VBP', 'are')","('VBN', 'told')","('IN', 'that')","('PRP', 'we')","('MD', 'must')"
"('PRP', 'we')","('VBD', 'forgot')","('IN', 'that')","('PRP', 'we')","('VBP', 'are')"
"('PRP', 'we')","('VBP', 'forget')","('IN', 'that')","('DT', 'the')","('NN', 'way')"
"('VBP', 'have')","('NNS', 'schools')","('IN', 'that')","('JJ', 'give')","('JJ', 'good')"
"('TO', 'to')","('VB', 'demonstrate')","('IN', 'that')","('PRP', 'we')","('VBP', 'have')"
"(',', ',')","('NNS', 'robots')","('WDT', 'that')","('NN', 'dont')","('VBP', 'see')"
"('JJ', 'educational')","('NN', 'system')","('WDT', 'that')","('VBZ', 'is')","('VBG', 'helping')"
"('VBZ', 'is')","('VBN', 'required')","('IN', 'that')","('DT', 'each')","('NN', 'school')"
"('MD', 'must')","('VB', 'realize')","('IN', 'that')","('JJ', 'standerdized')","('NN', 'test')"
"('DT', 'a')","('NN', 'way')","('WDT', 'that')","('DT', 'the')","('NNS', 'governments')"
"('DT', 'a')","('NN', 'word')","('WDT', 'that')","('VBZ', 'suggests')","('IN', 'that')"
"('WDT', 'that')","('VBZ', 'suggests')","('IN', 'that')","('PRP', 'we')","('MD', 'must')"
"('DT', 'the')","('NN', 'result')","('IN', 'that')","('VBZ', 'is')","('JJ', 'good')"
"('DT', 'the')","('NN', 'way')","('IN', 'that')","('NN', 'student')","('VBP', 'want')"
"('DT', 'a')","('NN', 'chance')","('WDT', 'that')","('NNS', 'people')","('MD', 'should')"
"('DT', 'This')","('VBZ', 'means')","('IN', 'that')","('IN', 'on')","('DT', 'these')"
"('VBD', 'said')","('NNS', 'means')","('IN', 'that')","('TO', 'to')","('VB', 'explore')"
"('RBR', 'more')","('JJ', 'important')","('IN', 'that')","('NNS', 'scores')","('IN', 'from')"
"('JJ', 'heavy')","('NN', 'machinary')","('WDT', 'that')","('IN', 'allow')","('NNS', 'farmers')"
"('MD', 'shall')","('VB', 'argue')","('IN', 'that')","('EX', 'there')","('VBZ', 'is')"
"('JJ', 'overpopulated')","('NN', 'world')","('WDT', 'that')","('PRP', 'we')","('VBP', 'live')"
"('VBZ', 'is')","('JJ', 'evident')","('IN', 'that')","('IN', 'despite')","('DT', 'the')"
"('DT', 'some')","('NN', 'belief')","('IN', 'that')","('DT', 'the')","('NN', 'food')"
"('NNP', 'University')","('VBD', 'demostrated')","('IN', 'that')","('DT', 'this')","('NN', 'point')"
"('DT', 'some')","('NN', 'belief')","('IN', 'that')","('DT', 'the')","('JJ', 'artificial')"
"('VBZ', 'becomes')","('JJ', 'clear')","('IN', 'that')","('DT', 'the')","('NNS', 'products')"
"('DT', 'the')","('NNS', 'products')","('WDT', 'that')","('NN', 'result')","('IN', 'from')"
"('NNS', 'suporters')","('NN', 'point')","('IN', 'that')","('DT', 'the')","('JJ', 'conventional')"
"('JJR', 'more')","('IN', 'than')","('DT', 'that')","('NN', 'put')","('DT', 'the')"
"('NN', 'cause')","('VBP', 'say')","('IN', 'that')","('JJ', 'organic')","('NN', 'farming')"
"(',', ',')","('RB', 'so')","('IN', 'that')","('JJR', 'bigger')","('CC', 'and')"
"('NN', 'farming')","('VBZ', 'is')","('IN', 'that')","('``', '``')","(':', '[')"
"('DT', 'the')","('NNS', 'benefits')","('WDT', 'that')","('PRP', 'they')","('VBP', 'bring')"
"(',', ',')","('NNS', 'aspects')","('WDT', 'that')","('DT', 'the')","('JJ', 'modern')"
"('DT', 'a')","('NN', 'fact')","('WDT', 'that')","('DT', 'the')","('JJ', 'modern')"
"('VB', 'produce')","('NNS', 'crops')","('IN', 'that')","('MD', 'can')","('VB', 'be')"
"('JJ', 'green')","('NN', 'energy')","('WDT', 'that')","('MD', 'can')","('VB', 'be')"
"('VBZ', 'is')","('JJ', 'clear')","('IN', 'that')","('JJ', 'organic')","('NN', 'farming')"
"('NN', 'quality')","('NN', 'food')","('WDT', 'that')","('IN', 'in')","('NN', 'fact')"
"('DT', 'the')","('NNS', 'activities')","('WDT', 'that')","('VBZ', 'polutes')","('JJR', 'more')"
"('PRP', 'it')","('RB', 'clear')","('IN', 'that')","('JJ', 'organic')","('NN', 'farming')"
"('NNS', 'people')","('JJ', 'belief')","('IN', 'that')","('JJ', 'conventional')","('NN', 'farming')"
"('NNS', 'Others')","('VBP', 'belief')","('IN', 'that')","('JJ', 'organic')","('NN', 'farming')"
"('JJ', 'naturalistic')","('NN', 'approach')","('WDT', 'that')","('PRP', 'it')","('VBZ', 'follows')"
"('NN', 'healhier')","('NN', 'life')","('WDT', 'that')","('VBZ', 'helps')","('TO', 'to')"
"('NNS', 'fertilizers')","('IN', 'so')","('IN', 'that')","('DT', 'the')","('NNS', 'plants')"
"('VB', 'be')","('VBN', 'said')","('IN', 'that')","('NN', 'orgainc')","('NNS', 'produces')"
"('VB', 'be')","('VBN', 'said')","('IN', 'that')","('JJ', 'organic')","('NN', 'farming')"
"('VBZ', 'is')","('RB', 'know')","('IN', 'that')","('JJ', 'traditional')","('NN', 'agriculture')"
"('DT', 'all')","('NNS', 'efforts')","('WDT', 'that')","('NNS', 'farmers')","('VBP', 'have')"
"('WDT', 'which')","('NN', 'state')","('WDT', 'that')","('PRP', 'it')","('VBZ', 'is')"
"('IN', 'of')","('VBG', 'farming')","('IN', 'that')","('VBZ', 'does')","('RB', 'not')"
"('NNS', 'crops')","('CC', 'and')","('IN', 'that')","('VBZ', 'is')","('IN', 'in')"
"('TO', 'to')","('VB', 'do')","('DT', 'that')","('PRP', 'they')","('VBP', 'count')"
"('DT', 'the')","('NN', 'idea')","('IN', 'that')","('JJ', 'organic')","('NN', 'farming')"
"('NN', 'farming')","('VBZ', 'is')","('IN', 'that')","('PRP', 'it')","('VBZ', 'is')"
"('VBP', 'are')","('NNS', 'substances')","('IN', 'that')","('JJR', 'endanger')","('JJ', 'other')"
"('DT', 'a')","('NN', 'way')","('WDT', 'that')","('PRP', 'they')","('VBP', 'post')"
"('JJ', 'conventional')","('NN', 'farming')","('WDT', 'that')","('VBZ', 'does')","('RB', 'not')"
"('NNS', 'people')","('VBP', 'argue')","('IN', 'that')","(',', ',')","('IN', 'for')"
"('IN', 'of')","('NNS', 'fans')","('WDT', 'that')","('VBP', 'argue')","('IN', 'that')"
"('WDT', 'that')","('VBP', 'argue')","('IN', 'that')","(',', ',')","('IN', 'for')"
"('JJ', 'fresh')","('NNS', 'ideas')","('WDT', 'that')","('NN', 'help')","('VBZ', 'humans')"
"('JJ', 'toxic')","('NNS', 'substances')","('WDT', 'that')","('VBP', 'are')","('RB', 'not')"
"('NN', 'farming')","('VBZ', 'is')","('IN', 'that')","('PRP', 'it')","('RB', 'also')"
"('DT', 'a')","('NN', 'research')","('WDT', 'that')","('JJ', 'traditional')","('VBG', 'farming')"
"('JJ', 'Other')","('NN', 'thing')","('WDT', 'that')","('NN', 'mabye')","('RB', 'not')"
"('VB', 'know')","('VBZ', 'is')","('IN', 'that')","('PRP', 'it')","('VBZ', 'does')"
"('DT', 'the')","('NNS', 'things')","('IN', 'that')","('MD', 'sould')","('VB', 'make')"
"('NNS', 'fams')","('VBZ', 'is')","('IN', 'that')","('PRP', 'it')","('VBZ', 'is')"
"('NN', 'thing')","('VBZ', 'is')","('IN', 'that')","('PRP$', 'their')","('NNS', 'disadvantages')"
"('RB', 'Actually')","(',', ',')","('IN', 'that')","('NNS', 'methods')","('VBP', 'are')"
"('JJR', 'more')","('NNS', 'craps')","('WDT', 'that')","('NN', 'become')","('NN', 'type')"
"('VBG', 'eating')","('NNS', 'crops')","('IN', 'that')","('VBP', 'have')","('VBN', 'growed')"
"('DT', 'the')","('NNS', 'methods')","('WDT', 'that')","('DT', 'the')","('JJ', 'traditional')"
"('NNS', 'scientists')","('VBD', 'claimed')","('IN', 'that')","('IN', 'by')","('VBG', 'giving')"
"('NNS', 'reserchers')","('VBP', 'submit')","('IN', 'that')","('``', '``')","('DT', 'no')"
"('JJ', 'organic')","('NN', 'food')","('WDT', 'that')","('NN', 'contant')","('DT', 'the')"
"('DT', 'the')","('NN', 'food')","('IN', 'that')","('NN', 'have')","('VBN', 'treated')"
"('NNP', 'James')","('VBZ', 'claims')","('IN', 'that')","('JJ', 'organic')","('NN', 'food')"
"('DT', 'This')","('VBZ', 'means')","('IN', 'that')","('JJ', 'organic')","('NN', 'farming')"
"('IN', 'as')","('NNS', 'pollutants')","('WDT', 'that')","('VBP', 'are')","('JJ', 'harmful')"
"('VBZ', 'is')","('VBG', 'proving')","('IN', 'that')","('JJ', 'organic')","('NN', 'food')"
"('DT', 'the')","('NN', 'solution')","('IN', 'that')","('JJ', 'organic')","('NNS', 'farmers')"
"('VBZ', 'seems')","('JJ', 'extraordinary')","('IN', 'that')","('NN', 'food')","('NN', 'production')"
"('WDT', 'which')","('VBZ', 'explains')","('IN', 'that')","('VBG', 'using')","('PRP$', 'their')"
"('JJ', 'term')","('NN', 'process')","('WDT', 'that')","('VBZ', 'means')","('NNS', 'people')"
"('TO', 'to')","('VB', 'be')","('IN', 'that')","('JJ', 'difficult')","('IN', 'because')"
"('IN', 'of')","('VBG', 'farming')","('IN', 'that')","('NNS', 'consists')","('IN', 'in')"
"('NNP', 'Berlin')","('NNS', 'argues')","('WDT', 'that')","('DT', 'some')","('JJ', 'organic')"
"(',', ',')","('VBG', 'explaing')","('IN', 'that')","('JJ', 'organic')","('NN', 'food')"
"('RBR', 'more')","('JJ', 'expensive')","('IN', 'that')","('PRP$', 'its')","('JJ', 'actual')"
"(',', ',')","('NN', 'energy')","('IN', 'that')","('PRP', 'it')","('MD', 'should')"
"('TO', 'to')","('VB', 'consider')","('DT', 'that')","('NN', 'technology')","('MD', 'should')"
"('NNS', 'scientists')","('VBZ', 'says')","('IN', 'that')","('JJ', 'chemical')","('NNS', 'things')"
"(',', ',')","('RB', 'so')","('IN', 'that')","('DT', 'this')","('NNS', 'methods')"
"('IN', 'of')","('NN', 'market')","('IN', 'that')","('NNS', 'people')","('MD', 'can')"
"('CD', 'one')","('NN', 'solution')","('WDT', 'that')","('VBZ', 'fits')","('RB', 'as')"
"('JJ', 'conventional')","('NN', 'agriculture')","('WDT', 'that')","('NN', 'affect')","('DT', 'the')"
"('NNP', 'University')","('NN', 'think')","('IN', 'that')","('JJ', 'organic')","('NN', 'farming')"
"('IN', 'by')","('VBG', 'saying')","('IN', 'that')","('JJ', 'organic')","('NN', 'food')"
"('IN', 'by')","('VBG', 'saying')","('IN', 'that')","('IN', 'in')","('DT', 'this')"
"('RB', 'only')","('VBZ', 'proves')","('IN', 'that')","('EX', 'there')","('VBZ', 'is')"
"('IN', 'for')","('NN', 'food')","('WDT', 'that')","('VBP', 'do')","('RB', 'not')"
"('JJ', 'available')","('CC', 'and')","('IN', 'that')","('MD', 'can')","('VB', 'bring')"
"('VBZ', 'is')","('JJ', 'imperative')","('IN', 'that')","('PRP', 'they')","('VBP', 'do')"
"(',', ',')","('RB', 'so')","('IN', 'that')","('PRP', 'they')","('MD', 'will')"
"('NNS', 'people')","('VBP', 'conclude')","('IN', 'that')","('WP', 'what')","('NNS', 'people')"
"('TO', 'to')","('VB', 'conclude')","('IN', 'that')","('IN', 'if')","('PRP', 'we')"
"('VB', 'make')","('JJ', 'sure')","('IN', 'that')","('PRP', 'they')","('VBP', 'are')"
"(',', ',')","('CC', 'and')","('IN', 'that')","('PRP', 'they')","('VBP', 'have')"
"('NN', 'change')","(',', ',')","('IN', 'that')","('NNS', 'shows')","('WDT', 'that')"
"('IN', 'that')","('NNS', 'shows')","('WDT', 'that')","('WP', 'what')","('NNS', 'people')"
"(',', ',')","('VBZ', 'is')","('IN', 'that')","('NNS', 'people')","('MD', 'could')"
"('MD', 'might')","('VB', 'say')","('IN', 'that')","('WRB', 'how')","('NNS', 'people')"
"('PRP', 'they')","('VBP', 'think')","('IN', 'that')","('IN', 'with')","('DT', 'the')"
"('NN', 'argument')","(',', ',')","('IN', 'that')","('``', '``')","('JJ', ""'healthy"")"
"('NN', 'work')","('IN', 'in')","('DT', 'that')","('NN', 'posture')","('.', '.')"
"('PRP', 'them')","('VBG', 'saying')","('IN', 'that')","('PRP', 'they')","('VBP', 'feel')"
"('WP', 'who')","('NN', 'belife')","('IN', 'that')","('NN', 'confort')","('IN', 'while')"
"('VBZ', 'is')","('VBN', 'demostrated')","('IN', 'that')","('JJ', 'good')","('NNS', 'chairs')"
"('DT', 'some')","('NNS', 'theories')","('WDT', 'that')","('VBP', 'are')","('IN', 'against')"
"('DT', 'the')","('NNS', 'problems')","('WDT', 'that')","('NNS', 'people')","('VBP', 'have')"
"('NN', 'today')","('VBZ', 'is')","('IN', 'that')","('PRP', 'they')","('VBP', 'have')"
"('NN', 'desk')","('NN', 'chair')","('WDT', 'that')","('VBZ', 'helps')","('DT', 'the')"
"('VBZ', 'is')","('VBN', 'demostrated')","('IN', 'that')","('NNS', 'chiars')","('VBP', 'make')"
"('TO', 'to')","('VB', 'consider')","('DT', 'that')","('DT', 'the')","('NN', 'way')"
"('JJ', 'good')","('NN', 'chair')","('WDT', 'that')","('NN', 'fit')","('IN', 'on')"
"('VBZ', 'is')","('JJ', 'clear')","('IN', 'that')","('JJ', ""'how"")","('PRP', 'we')"
"('VB', 'be')","('JJ', 'clear')","('IN', 'that')","('DT', 'the')","('JJ', 'final')"
"('MD', 'should')","('VB', 'clarify')","('IN', 'that')","('JJ', 'human')","('NN', 'body')"
"('DT', 'A')","('NN', 'fact')","('WDT', 'that')","('JJ', 'vary')","('RB', 'even')"
"('JJ', 'specific')","('NN', 'task')","('WDT', 'that')","('PRP', 'we')","('VBP', 'want')"
"('PRP', 'we')","('VBP', 'accept')","('IN', 'that')","('PRP$', 'our')","('NN', 'relationship')"
"(',', ',')","('VBN', 'given')","('IN', 'that')","('PRP', 'we')","('VBP', 'spend')"
"('JJ', 'good')","('NN', 'chair')","('WDT', 'that')","('NN', 'describe')","('RB', 'precisely')"
"('JJ', 'good')","('NN', 'chair')","('WDT', 'that')","('NN', 'promote')","('DT', 'a')"
"('PRP', 'I')","('VBP', 'consider')","('DT', 'that')","('JJ', ""'how"")","('PRP', 'we')"
"('NN', 'spite')","('IN', 'of')","('DT', 'that')","(',', ',')","('PRP', 'we')"
"('VBP', 'are')","('NNS', 'factors')","('WDT', 'that')","('NN', 'complement')","('DT', 'the')"
"(',', ',')","('VBN', 'given')","('IN', 'that')","('NNS', 'employees')","('VBP', 'have')"
"('PRP', 'them')","('VB', 'assert')","('IN', 'that')","('DT', 'a')","('JJ', 'straight')"
"('DT', 'the')","('NN', 'posture')","('IN', 'that')","('NN', 'fit')","('JJR', 'better')"
"('PRP', 'them')","('CC', 'and')","('IN', 'that')","('MD', 'would')","('VB', 'be')"
"('DT', 'the')","('NN', 'fact')","('IN', 'that')","('PRP$', 'our')","('RBS', 'most')"
"('NN', 'head')","(',', ',')","('IN', 'that')","('VBZ', 'does')","('RB', 'not')"
"('RB', 'not')","('VB', 'mean')","('IN', 'that')","('DT', 'this')","('CD', 'one')"
"('VBZ', 'has')","('VBN', 'found')","('IN', 'that')","('DT', 'the')","('NN', 'proper')"
"('DT', 'another')","('NN', 'aspect')","('IN', 'that')","('NNS', 'affects')","('NNS', 'employees')"
"('DT', 'the')","('NN', 'environment')","('IN', 'that')","('PRP', 'they')","('CC', 'and')"
"('DT', 'the')","('NNS', 'tasks')","('WDT', 'that')","('PRP$', 'their')","('JJ', 'new')"
"('NN', 'work')","('NN', 'environment')","('WDT', 'that')","('DT', 'this')","('NN', 'companie')"
"('VBP', 'have')","('VBN', 'found')","('IN', 'that')","('DT', 'the')","('JJS', 'best')"
"('NNS', 'hours')","('IN', 'on')","('DT', 'that')","('NN', 'chair')","(',', ',')"
"('NNS', 'people')","('VBP', 'say')","('IN', 'that')","('WRB', 'how')","('PRP', 'you')"
"('RB', 'strongly')","('VBP', 'believe')","('IN', 'that')","('WP', 'what')","('PRP', 'you')"
"('RB', 'not')","('VB', 'mean')","('IN', 'that')","('IN', 'if')","('PRP', 'you')"
"('NNP', 'Zhang')","('VBD', 'revealed')","('IN', 'that')","('PRP', 'we')","('MD', 'can')"
"('PRP', 'They')","('VBD', 'concluded')","('IN', 'that')","('VBZ', 'is')","('IN', 'because')"
"('JJ', 'chair')","('IN', 'unless')","('DT', 'that')","('NN', 'chair')","('VBZ', 'is')"
"('PRP$', 'his')","('NN', 'article')","('IN', 'that')","('PRP$', 'his')","('JJ', 'favorite')"
"('PRP', 'I')","('VBP', 'feel')","('IN', 'that')","('PRP', 'you')","('MD', 'should')"
"('JJ', 'comfortable')","('IN', 'on')","('DT', 'that')","('NN', 'chair')","('.', '.')"
"('DT', 'the')","('CD', 'one')","('WDT', 'that')","('PRP', 'you')","('VBP', 'prefer')"
"('DT', 'the')","('CD', 'one')","('WDT', 'that')","('RB', 'go')","('IN', 'with')"
"('NN', 'multiple')","('NNS', 'studies')","('WDT', 'that')","('VBP', 'argue')","('DT', 'the')"
"('NN', 'chair')","('CC', 'and')","('IN', 'that')","('MD', 'may')","('VB', 'resolve')"
"('DT', 'the')","('NN', 'theory')","('IN', 'that')","('VBD', 'was')","('VBN', 'aproved')"
"('JJ', 'common')","('NN', 'knowledge')","('WDT', 'that')","('VBG', 'sitting')","('IN', 'for')"
"('RB', 'not')","('NN', 'something')","('WDT', 'that')","('NN', 'everybody')","('VBZ', 'wants')"
"('VBZ', 'works')","('IN', 'in')","('DT', 'that')","('NN', 'way')","('NN', 'posture')"
"('JJ', 'important')","('NN', 'toll')","('WDT', 'that')","('PRP', 'you')","('MD', 'could')"
"('NNP', 'Fisher')","('NN', 'explain')","('WDT', 'that')","('VBG', 'feeling')","('NN', 'comfort')"
"('JJ', 'other')","('NN', 'problem')","('IN', 'that')","('PRP', 'you')","('MD', 'may')"
"(""''"", ""''"")","(',', ',')","('IN', 'that')","('WRB', 'when')","('PRP', 'you')"
"('NNS', 'people')","('VBP', 'believe')","('IN', 'that')","('PRP', 'they')","('MD', 'can')"
"('DT', 'a')","('NN', 'way')","('WDT', 'that')","('VBZ', 'makes')","('PRP', 'them')"
"('NNS', 'consequenses')","('IN', 'after')","('DT', 'that')","('IN', 'over')","('DT', 'the')"
"('RB', 'well')","('VBN', 'known')","('IN', 'that')","('DT', 'the')","('NN', 'body')"
"('NNS', 'owners')","('VBP', 'requiere')","('IN', 'that')","('PRP$', 'their')","('NNS', 'employees')"
"(',', ',')","('NNS', 'nowadays')","('WDT', 'that')","('RB', 'so')","('JJ', 'many')"
"('NNS', 'people')","('VBP', 'state')","('IN', 'that')","('DT', 'the')","('NN', 'posture')"
"('PRP', 'he')","('VBD', 'mentioned')","('IN', 'that')","('DT', 'the')","('NNS', 'qualities')"
"('RB', 'not')","('VB', 'allow')","('IN', 'that')","('NNS', 'employees')","('VB', 'buy')"
"('RB', 'not')","('JJ', 'new')","('IN', 'that')","('NNS', 'people')","('VBP', 'are')"
"(""''"", ""''"")","('NNS', 'postures')","('WDT', 'that')","('VBD', 'included')","('JJ', 'specific')"
"('RB', 'not')","('VBZ', 'means')","('DT', 'that')","('NNS', 'people')","('VBP', 'have')"
"('VBP', 'have')","('VBN', 'revealed')","('IN', 'that')","('NNS', 'people')","('WP', 'who')"
"('VBZ', 'is')","('JJ', 'necessary')","('IN', 'that')","('NNS', 'people')","('VB', 'be')"
"('POS', ""'s"")","('NNS', 'partners')","('IN', 'that')","('VBP', 'have')","('JJ', 'bad')"
"('IN', 'on')","('NNS', 'feelings')","('IN', 'that')","('NNS', 'people')","('VBP', 'have')"
"('DT', 'That')","('VBZ', 'means')","('DT', 'that')","('DT', 'these')","('NNS', 'terms')"
"('NN', 'problem')","('CC', 'and')","('IN', 'that')","('NN', 'lead')","('IN', 'on')"
"('IN', 'for')","('NN', 'information')","('WDT', 'that')","('IN', 'allow')","('PRP', 'them')"
"('DT', 'the')","('NN', 'way')","('IN', 'that')","('DT', 'the')","('NN', 'body')"
"('NN', 'knowledge')","('RB', 'however')","('IN', 'that')","('VBG', 'sitting')","('IN', 'in')"
"('NN', 'problem')","('VBZ', 'is')","('IN', 'that')","('DT', 'this')","('JJ', 'common')"
"('VBG', 'sitting')","('IN', 'on')","('DT', 'that')","('VBZ', 'makes')","('PRP', 'us')"
"('NNS', 'people')","('VBD', 'thought')","('IN', 'that')","('VBG', 'sitting')","('JJ', 'straight')"
"('RB', 'right')","('CC', 'and')","('IN', 'that')","('PRP', 'it')","('VBD', 'was')"
"('TO', 'to')","('VB', 'say')","('IN', 'that')","('DT', 'this')","('NN', 'position')"
"('DT', 'both')","('NNS', 'factors')","('WDT', 'that')","('MD', 'can')","('VB', 'affect')"
"('VB', 'be')","('JJ', 'preferable')","('IN', 'that')","('DT', 'the')","('NN', 'sitter')"
"('DT', 'a')","('JJ', 'chair')","('IN', 'that')","('VBZ', 'is')","('JJ', 'adaptable')"
"('TO', 'to')","('VB', 'have')","('IN', 'that')","('NN', 'kind')","('IN', 'of')"
"('PRP', 'we')","('VBP', 'know')","('IN', 'that')","('NN', 'comfortability')","('VBZ', 'is')"
"('RB', 'also')","('VB', 'think')","('IN', 'that')","('DT', 'the')","('NN', 'chair')"
"('VB', 'smasll')","(',', ',')","('IN', 'that')","('VBZ', 'is')","('VBZ', 'has')"
"('PRP', 'We')","('VBP', 'know')","('IN', 'that')","('NN', 'comfort')","('VBZ', 'is')"
"('DT', 'a')","('NN', 'factor')","('WDT', 'that')","('MD', 'can')","('VB', 'affect')"
"('DT', 'a')","('NN', 'chair')","('WDT', 'that')","('VBZ', 'fits')","('PRP', 'you')"
"('TO', 'to')","('VB', 'find')","('IN', 'that')","('NN', 'confortability')","('IN', 'as')"
"('IN', 'of')","('NN', 'time')","('WDT', 'that')","('JJS', 'most')","('VBP', 'spend')"
"('PRP', 'it')","(',', ',')","('IN', 'that')","('IN', 'for')","('DT', 'some')"
"('DT', 'some')","('NN', 'believe')","('IN', 'that')","('DT', 'a')","('JJ', 'confortable')"
"('VB', 'be')","('VBN', 'seen')","('IN', 'that')","('DT', 'the')","('JJ', 'human')"
"('VB', 'be')","('VBN', 'argued')","('IN', 'that')","('NN', 'thesre')","('VBZ', 'is')"
"('DT', 'some')","('VBP', 'believe')","('IN', 'that')","('DT', 'a')","('JJ', 'suitable')"
"('NNS', 'defaults')","(',', ',')","('IN', 'that')","('RB', 'elegedly')","('VBP', 'allow')"
"('NNS', 'points')","('IN', 'out')","('DT', 'that')","('IN', 'during')","('DT', 'the')"
"('VBZ', 'is')","('JJ', 'true')","('IN', 'that')","('DT', 'this')","('NN', 'position')"
"('NN', 'user')","('IN', 'in')","('DT', 'that')","('VBN', 'desiered')","('NN', 'position')"
"('VBZ', 'is')","('VBN', 'knwn')","('IN', 'that')","('EX', 'there')","('VBZ', 'is')"
"('VBG', 'being')","('VBN', 'supported')","('IN', 'that')","('DT', 'the')","('JJ', 'ergonomical')"
"('VBZ', 'is')","('JJ', 'obvious')","('IN', 'that')","('DT', 'these')","('JJ', 'chair')"
"('DT', 'the')","('NN', 'price')","('IN', 'that')","('VBZ', 'is')","('RB', 'ridiculously')"
"('VBZ', 'looks')","('IN', 'like')","('DT', 'that')","('NNS', 'people')","('VBP', 'are')"
"('NN', 'truth')","('VBZ', 'is')","('IN', 'that')","('PRP', 'we')","('MD', 'can')"
"('DT', 'the')","('NN', 'confusion')","('IN', 'that')","('NN', 'confort')","('CC', 'and')"
"('MD', 'would')","('VB', 'believe')","('IN', 'that')","('PRP', 'we')","('MD', 'could')"
"('DT', 'a')","('NN', 'chair')","('WDT', 'that')","('VB', 'make')","('PRP', 'us')"
"('JJ', 'disconfortable')","('NN', 'chair')","('WDT', 'that')","('MD', 'would')","('VB', 'have')"
"('NN', 'design')","('NNS', 'flaws')","('WDT', 'that')","('VBP', 'make')","('DT', 'a')"
"('RB', 'not')","('VB', 'mean')","('IN', 'that')","('DT', 'the')","('NN', 'absence')"
"('DT', 'a')","('NN', 'fact')","('WDT', 'that')","('NN', 'confort')","('CC', 'and')"
"(',', ',')","('CC', 'and')","('IN', 'that')","('DT', 'both')","('NN', 'depend')"
"('DT', 'the')","('JJ', 'individual')","('IN', 'that')","('PRP', 'we')","('VBP', 'are')"
"('NN', 'posture')","('NNS', 'flaws')","('WDT', 'that')","('VBP', 'have')","('TO', 'to')"
"('DT', 'the')","('JJ', 'individual')","('IN', 'that')","('VBP', 'have')","('TO', 'to')"
"('DT', 'a')","('NN', 'chair')","('WDT', 'that')","('VBP', 'have')","('DT', 'the')"
