"('VB', 'be')","('VBN', 'thought')","('IN', 'that')","('NN', 'sound')","('NN', 'pollution')"
"('NN', 'negitve')","('NNS', 'impacts')","('WDT', 'that')","('NNS', 'damages')","('VBP', 'many')"
"('IN', 'of')","('NN', 'time')","('WDT', 'that')","('DT', 'the')","('NN', 'victim')"
"('PRP', 'He')","('VBZ', 'states')","('IN', 'that')","('CD', '90dB')","(',', ',')"
"('NN', 'listen')","('TO', 'to')","('DT', 'that')","('NN', 'loud')","('NN', 'viose')"
"('PRP', 'He')","('VBD', 'said')","('IN', 'that')","('DT', 'any')","('NN', 'sonud')"
"('DT', 'any')","('NN', 'sonud')","('IN', 'that')","('VBZ', 'is')","('RBR', 'heigher')"
"('VBZ', 'is')","('RBR', 'heigher')","('IN', 'that')","('CD', '120dB')","('MD', 'can')"
"('JJ', 'dangrous')","('NN', 'damege')","('WDT', 'that')","('NN', 'sometime')","('MD', 'can')"
"('NNP', 'Fisher')","('VBZ', 'detirmains')","('IN', 'that')","('NN', 'sound')","('NN', 'pollution')"
"('DT', 'the')","('NN', 'work')","('IN', 'that')","('VBZ', 'is')","('VBN', 'done')"
"('NN', 'bus')","('NN', 'company')","('WDT', 'that')","('NN', 'produce')","('VBP', 'noise')"
"('JJ', 'strict')","('NNS', 'laws')","('WDT', 'that')","('NN', 'prohibit')","('DT', 'any')"
"('DT', 'a')","('NN', 'problem')","('WDT', 'that')","('VBZ', 'is')","('VBN', 'made')"
"('JJ', 'boisturous')","('NN', 'train')","('WDT', 'that')","('VBZ', 'passes')","('NN', 'everday')"
"('VBP', 'have')","('VBN', 'shown')","('IN', 'that')","('NN', 'exposure')","('TO', 'to')"
"('NN', 'ear')","('CC', 'and')","('IN', 'that')","('NN', 'damage')","('MD', 'can')"
"('NN', 'addition')","('TO', 'to')","('DT', 'that')","(',', ',')","('NNS', 'companies')"
"('NNS', 'intersets')","('VBP', 'find')","('IN', 'that')","('NN', 'loud')","('NNS', 'sounds')"
"('PRP', 'I')","('VBP', 'find')","('IN', 'that')","('NN', 'exposure')","('TO', 'to')"
"('PRP$', 'Its')","('JJ', 'clear')","('IN', 'that')","('NNS', 'people')","('VBP', 'have')"
"('DT', 'the')","('NNS', 'noises')","('WDT', 'that')","('VBP', 'come')","('IN', 'for')"
"('PRP$', 'their')","('NNS', 'neighborhoods')","('WDT', 'that')","('NN', 'prevent')","('NN', 'tham')"
"('JJ', 'good')","('NNS', 'things')","('WDT', 'that')","('DT', 'the')","('NN', 'ear')"
"('NNP', 'Fisher')","('VBZ', 'claims')","('IN', 'that')","('NN', 'noise')","('NN', 'pollution')"
"('VBZ', 'says')","('NNS', 'reports')","('IN', 'that')","('``', '``')","('NN', 'exposure')"
"('NNP', 'Fisher')","('NNS', 'reports')","('WDT', 'that')","('VBP', 'noise')","('NN', 'pollution')"
"('PRP', 'they')","('VBD', 'noticed')","('IN', 'that')","('EX', 'there')","('VBP', 'are')"
"('NN', 'problem')","('VBZ', 'is')","('IN', 'that')","('NNS', 'people')","('VBP', 'are')"
"('NNS', 'neiborhoods')","('RB', 'espically')","('IN', 'that')","('VB', 'have')","('NNS', 'children')"
"('IN', 'of')","('NN', 'body')","('IN', 'that')","('NN', 'make')","('NNS', 'people')"
"('NN', 'noisy')","('VBZ', 'busses')","('IN', 'that')","('NN', 'come')","('IN', 'across')"
"('NNP', 'Berlin')","('VBZ', 'claims')","('IN', 'that')","('DT', 'some')","('NNS', 'people')"
"('NNS', 'people')","('VBZ', 'claims')","('IN', 'that')","('POS', ""'"")","('PRP', 'they')"
"('DT', 'a')","('NN', 'neighborhood')","('WDT', 'that')","('VBP', 'have')","('NNS', 'people')"
"('JJ', 'dangerous')","('NN', 'thing')","('WDT', 'that')","('VBZ', 'threatenes')","('DT', 'either')"
"('DT', 'no')","('NN', 'doubt')","('IN', 'that')","('NN', 'pullotion')","('VBZ', 'is')"
"('JJ', 'serious')","('NNS', 'issues')","('WDT', 'that')","('NNS', 'people')","('DT', 'all')"
"('DT', 'some')","('NNS', 'alternatives')","('WDT', 'that')","('NN', 'help')","('NNS', 'people')"
"('VBZ', 'is')","('JJ', 'clear')","('IN', 'that')","('NN', 'pollution')","('VBZ', 'creates')"
"('PRP', 'He')","('VBZ', 'adds')","('IN', 'that')","('PRP', 'it')","('MD', 'can')"
"('NN', 'sense')","('CC', 'and')","('IN', 'that')","('IN', 'for')","('RB', 'sure')"
"('NN', 'clock')","('NN', 'noise')","('WDT', 'that')","('VBZ', 'buses')","('VBP', 'make')"
"('NN', 'noise')","('CC', 'and')","('IN', 'that')","('RB', 'unfortunately')","('MD', 'will')"
"('PRP', 'He')","('VBZ', 'adds')","('IN', 'that')","('DT', 'this')","('NN', 'problem')"
"('NN', 'addition')","('TO', 'to')","('DT', 'that')","(',', ',')","('DT', 'some')"
"('IN', 'by')","('NN', 'saing')","('IN', 'that')","('JJ', 'many')","('NNS', 'companies')"
"('RB', 'also')","('VBZ', 'adds')","('IN', 'that')","('EX', 'there')","('VBP', 'are')"
"('RB', 'strongly')","('VBZ', 'confirms')","('IN', 'that')","('NN', 'county')","('NNS', 'officials')"
"('DT', 'the')","('NNS', 'rules')","('WDT', 'that')","('VBP', 'indicate')","('NNS', 'buses')"
"('NNP', 'Berlin')","('VBZ', 'emphasizes')","('IN', 'that')","('``', '``')","('DT', 'The')"
"('JJ', 'strict')","('NNS', 'laws')","('WDT', 'that')","('NN', 'enforce')","('NNS', 'people')"
"('RB', 'not')","('RB', 'just')","('WDT', 'that')","(',', ',')","('PRP', 'it')"
"('DT', 'the')","('NN', 'fact')","('IN', 'that')","('JJ', 'mental')","('NNS', 'problems')"
"('JJ', 'negative')","('NNS', 'effects')","('WDT', 'that')","('JJ', 'derive')","('IN', 'from')"
"('DT', 'the')","('NN', 'noise')","('IN', 'that')","('VBN', 'prevented')","('PRP', 'you')"
"('RB', 'clearly')","('VBZ', 'indicates')","('IN', 'that')","('JJ', 'high')","('NNS', 'levels')"
"('IN', 'because')","('IN', 'of')","('DT', 'that')","(',', ',')","('PRP', 'you')"
"('NN', 'pollution')","('IN', 'for')","('DT', 'that')","('DT', 'this')","('NN', 'problem')"
"('CC', 'but')","('MD', 'will')","('IN', 'that')","('VB', 'help')","('PRP', 'you')"
"('WP', 'who')","('VBD', 'said')","('IN', 'that')","('PRP', 'they')","('VBP', 'are')"
"('NN', 'productivity')","('CC', 'and')","('IN', 'that')","('MD', 'will')","('VB', 'lead')"
"('DT', 'a')","('NN', 'company')","('WDT', 'that')","('VBZ', 'establishes')","('NN', 'superhero')"
"('IN', 'of')","('NN', 'noise')","('IN', 'that')","('MD', 'could')","('VB', 'kill')"
"('NN', 'time')","('VBG', 'believing')","('IN', 'that')","('PRP', 'they')","('VBP', 'are')"
"(',', ',')","('CC', 'and')","('IN', 'that')","('MD', 'will')","('VB', 'reduce')"
"('NN', 'ear')","('NN', 'damage')","('WDT', 'that')","('VBZ', 'causes')","('JJ', 'hear')"
"('IN', 'with')","('NNS', 'headphones')","('IN', 'that')","('MD', 'can')","('VB', 'protect')"
"('IN', 'with')","('NNS', 'machines')","('IN', 'that')","('VBP', 'have')","('JJR', 'lower')"
"('JJ', 'brutal')","('NN', 'truth')","('WDT', 'that')","('DT', 'those')","(',', ',')"
"('PRP', 'he')","('VBZ', 'reprts')","('IN', 'that')","('JJ', 'many')","('NNS', 'people')"
"('NNP', 'Fisher')","('VBZ', 'argues')","('IN', 'that')","('NN', 'noise')","('NN', 'pollution')"
"('VBZ', 'is')","('VBG', 'showing')","('IN', 'that')","('PRP', 'they')","('VBP', 'are')"
"('VBN', 'concerned')","('IN', 'about')","('DT', 'that')","('WRB', 'when')","('NNS', 'people')"
"('NN', 'cause')","('IN', 'of')","('DT', 'that')","(',', ',')","('PRP', 'they')"
"('PRP', 'they')","('VBD', 'found')","('IN', 'that')","('JJ', 'high')","('NN', 'blood')"
"(',', ',')","('CC', 'and')","('IN', 'that')","('VBZ', 'is')","('DT', 'the')"
"('MD', 'should')","('VB', 'know')","('IN', 'that')","('EX', 'there')","('MD', 'will')"
"('DT', 'the')","('NNS', 'noises')","('WDT', 'that')","('PRP', 'they')","('VBP', 'have')"
"('JJ', 'new')","('NN', 'problem')","('WDT', 'that')","('VBD', 'was')","('VBN', 'born')"
"('NNS', 'studies')","('MD', 'should')","('IN', 'that')","('VB', 'noise')","('NN', 'pollution')"
"('DT', 'an')","('NN', 'enviroment')","('IN', 'that')","('VB', 'have')","('DT', 'a')"
"('NN', 'hearing')","('NNS', 'issues')","('WDT', 'that')","('PRP', 'they')","('VBP', 'suffer')"
"('NNS', 'Studies')","('VBD', 'showed')","('IN', 'that')","('DT', 'those')","('NNS', 'people')"
"('NNP', 'Studise')","('VBD', 'showed')","('IN', 'that')","('VBG', 'working')","('IN', 'in')"
"('DT', 'the')","('NNS', 'changes')","('WDT', 'that')","('NN', 'result')","('IN', 'from')"
"('JJ', 'many')","('NNS', 'effects')","('WDT', 'that')","('MD', 'can')","('VB', 'harm')"
"('DT', 'the')","('NN', 'development')","('IN', 'that')","('PRP', 'we')","('VBP', 'are')"
"('VBZ', 'goes')","('IN', 'beyond')","('DT', 'that')","('TO', 'to')","('DT', 'the')"
"('NNS', 'people')","('IN', 'around')","('DT', 'that')","('NN', 'noisy')","('NN', 'enviroment')"
"('NN', 'time')","('NN', 'noise')","('WDT', 'that')","('DT', 'these')","('NNS', 'buses')"
"('IN', 'with')","('NNS', 'headohones')","('IN', 'that')","('NN', 'reduce')","('DT', 'the')"
"('JJ', 'serious')","('NN', 'problem')","('IN', 'that')","('PRP', 'we')","('MD', 'should')"
"('JJ', 'only')","('NN', 'damage')","('WDT', 'that')","('DT', 'the')","('NN', 'noise')"
"('IN', 'for')","('NNS', 'employees')","('WDT', 'that')","('VBZ', 'decreases')","('DT', 'the')"
"('JJ', 'many')","('NNS', 'gizmos')","('WDT', 'that')","('NNS', 'reduces')","('DT', 'the')"
"('NNS', 'Industrials')","('NNS', 'companies')","('WDT', 'that')","('VBP', 'have')","('DT', 'a')"
"('JJ', 'big')","('NNS', 'cities')","('WDT', 'that')","('NN', 'prevent')","('PRP', 'them')"
"('NN', 'bus')","('NN', 'stop')","('WDT', 'that')","('VBP', 'have')","('JJ', 'many')"
"('NN', 'video')","('VBD', 'showed')","('IN', 'that')","('PRP', 'they')","('VBP', 'stop')"
"('DT', 'a')","('NN', 'time')","('WDT', 'that')","('NNS', 'people')","('VBP', 'do')"
"('VBG', 'using')","('NNS', 'meterials')","('WDT', 'that')","('VBP', 'do')","('RB', 'not')"
"('JJ', 'compitable')","('IN', 'with')","('DT', 'that')","('NN', 'procedure')","('IN', 'of')"
"('CC', 'and')","('NNS', 'tools')","('WDT', 'that')","('NN', 'aim')","('TO', 'to')"
"('JJS', 'best')","('NN', 'thing')","('WDT', 'that')","('NNS', 'goals')","('TO', 'to')"
"('DT', 'a')","('NN', 'wepon')","('WDT', 'that')","('MD', 'would')","('VB', 'affect')"
"('PRP', 'they')","('VBP', 'think')","('IN', 'that')","('DT', 'this')","('NN', 'kind')"
"('NN', 'loudy')","('NNS', 'voices')","('WDT', 'that')","('PRP', 'they')","('MD', 'could')"
"('NN', 'fact')","(',', ',')","('IN', 'that')","('VBZ', 'is')","('RB', 'totally')"
"(',', ',')","('VBZ', 'describes')","('IN', 'that')","('NN', 'noise')","('NN', 'polution')"
"('PRP', 'he')","('VBD', 'mentioned')","('IN', 'that')","('EX', 'there')","('VBP', 'are')"
"('NN', 'sound')","('NN', 'volum')","('WDT', 'that')","('NNS', 'people')","('VBP', 'allow')"
"('NNP', 'Fisher')","('VBZ', 'describes')","('IN', 'that')","('NN', 'exposure')","('TO', 'to')"
"('TO', 'to')","('JJR', 'more')","('IN', 'that')","('CD', '90')","('NN', 'db')"
"('NNP', 'Fisher')","('VBZ', 'says')","('IN', 'that')","('NN', 'noise')","('NN', 'pollution')"
"('CC', 'and')","('MD', 'may')","('IN', 'that')","('NN', 'lead')","('TO', 'to')"
"('NN', 'robust')","('NNS', 'rules')","('WDT', 'that')","('NN', 'eforce')","('NNS', 'people')"
"('PRP', 'He')","('VBZ', 'reports')","('IN', 'that')","('DT', 'some')","('NNS', 'buses')"
"('VBZ', 'is')","('JJ', 'clear')","('IN', 'that')","('JJ', 'such')","('NN', 'kind')"
"('DT', 'some')","('NNS', 'areas')","('WDT', 'that')","('VBP', 'do')","('RB', 'not')"
"('TO', 'to')","('VB', 'find')","('IN', 'that')","('NNS', 'effects')","('CC', 'and')"
"('RB', 'not')","('VBN', 'excced')","('IN', 'that')","('NNS', 'limits')","('.', '.')"
"('NNP', 'Fisher')","('VBZ', 'shows')","('IN', 'that')","('DT', 'the')","('NN', 'safe')"
"('PRP$', 'our')","('NNS', 'ears')","('WDT', 'that')","('MD', 'could')","('RB', 'not')"
"('NNS', 'machines')","('IN', 'in')","('DT', 'that')","('NNS', 'types')","('IN', 'of')"
"('VBN', 'been')","('VBN', 'found')","('IN', 'that')","('JJ', 'related')","('TO', 'to')"
"('IN', 'by')","('VBG', 'saying')","('IN', 'that')","('``', '``')","('JJ', 'Other')"
"('NNS', 'resaechers')","('VBP', 'think')","('IN', 'that')","('PRP', 'they')","('VBP', 'have')"
"('WDT', 'which')","('NN', 'cause')","('WDT', 'that')","('NNP', 'Noise')","('NN', 'polution')"
"('NNS', 'workers')","('VBP', 'inside')","('IN', 'that')","('NN', 'kind')","('IN', 'of')"
"('IN', 'by')","('VBG', 'saying')","('IN', 'that')","('NNP', 'Noise')","('VBZ', 'is')"
"('TO', 'to')","('VB', 'reduce')","('IN', 'that')","('NN', 'type')","('IN', 'of')"
"('NN', 'addition')","('TO', 'to')","('DT', 'that')","(',', ',')","('PRP', 'we')"
"('PRP', 'I')","('VBP', 'mean')","('IN', 'that')","('DT', 'any')","('NN', 'project')"
"('NN', 'loud')","('VBZ', 'sounds')","('IN', 'that')","('MD', 'may')","('VB', 'annoy')"
"('NNP', 'Pollution')","('NN', 'estemate')","('WDT', 'that')","(',', ',')","('``', '``')"
"('VB', 'be')","('JJ', 'aware')","('IN', 'that')","('NN', 'noise')","('MD', 'can')"
"('JJ', 'main')","('NNS', 'reasons')","('WDT', 'that')","('NN', 'cause')","('NN', 'health')"
"('NN', 'person')","('NN', 'know')","('IN', 'that')","('DT', 'the')","('NN', 'noise')"
"('NN', 'pollution')","('VBD', 'established')","('IN', 'that')","(',', ',')","(""''"", ""''"")"
"('VBP', 'are')","('VBN', 'convinced')","('IN', 'that')","('DT', 'the')","('NN', 'noise')"
"('NNS', 'people')","('VBP', 'think')","('IN', 'that')","('NN', 'noise')","('NN', 'pollution')"
"('NN', 'sound')","('NN', 'noise')","('WDT', 'that')","('NN', 'human')","('VBZ', 'ears')"
"('NNP', 'Pollution')","('VBD', 'included')","('IN', 'that')","(',', ',')","('``', '``')"
"('JJ', 'electrical')","('NNS', 'signals')","('WDT', 'that')","('VBZ', 'comes')","('IN', 'from')"
"('NNS', 'people')","('VBP', 'believe')","('IN', 'that')","('NN', 'noise')","('NN', 'pollution')"
"('NNP', 'Depot')","('VBD', 'conclued')","('IN', 'that')","(',', ',')","('``', '``')"
"('NN', 'importnat')","('NN', 'problem')","('IN', 'that')","('VBZ', 'is')","('VBN', 'known')"
"('VBN', 'advenced')","('NN', 'techonolgy')","('IN', 'that')","('NNS', 'humens')","('VBP', 'have')"
"('NNS', 'studies')","('VBP', 'say')","('IN', 'that')","('DT', 'this')","('NN', 'problem')"
"('NN', 'noise')","('NN', 'pollution')","('WDT', 'that')","('MD', 'should')","('VB', 'be')"
"('RB', 'even')","('IN', 'though')","('IN', 'that')","('EX', 'there')","('VBP', 'are')"
"('DT', 'the')","('NN', 'exposure')","('IN', 'that')","('VBN', 'happened')","('TO', 'to')"
"('VBN', 'recovered')","('IN', 'from')","('DT', 'that')","('NN', 'damage')","(',', ',')"
"('NN', 'noise')","('VBZ', 'is')","('IN', 'that')","('DT', 'the')","('NN', 'person')"
"('VB', 'have')","('NN', 'problem')","('IN', 'that')","('VBP', 'are')","('VBN', 'cauesd')"
"('JJ', 'many')","('NNS', 'studies')","('WDT', 'that')","('VBP', 'have')","('VBN', 'been')"
"('DT', 'some')","('NNS', 'effctes')","('WDT', 'that')","('MD', 'could')","('VB', 'happen')"
"('VB', 'wear')","('NNS', 'devices')","('WDT', 'that')","('MD', 'could')","('VB', 'protect')"
"('JJ', 'many')","('NN', 'problem')","('IN', 'that')","('MD', 'could')","('VB', 'occur')"
"('DT', 'those')","('NNS', 'commuinties')","('IN', 'that')","('VBP', 'have')","('DT', 'a')"
"('DT', 'the')","('NN', 'niose')","('IN', 'that')","('VBZ', 'is')","('VBG', 'coming')"
"('NNP', 'Berlin')","('VBZ', 'says')","('IN', 'that')","('PRP', 'they')","('VBP', 'have')"
"('NN', 'nosie')","('NN', 'pollutioin')","('WDT', 'that')","('NN', 'occur')","('IN', 'next')"
"('JJ', 'tape.They')","('VBN', 'noticed')","('IN', 'that')","('DT', 'these')","('NNS', 'buses')"
"('RB', 'here')","('VBZ', 'is')","('IN', 'that')","('DT', 'the')","('NN', 'idling')"
"('JJ', 'many')","('NNS', 'resoidents')","('WDT', 'that')","('VBP', 'are')","('IN', 'near')"
"('NN', 'result')","('IN', 'of')","('DT', 'that')","(',', ',')","('NN', 'thay')"
"('PRP', 'He')","('VBP', 'say')","('IN', 'that')","('NN', 'thay')","('RB', 'also')"
"('VB', 'make')","('NN', 'suer')","('WDT', 'that')","('NNS', 'drivers')","('VBP', 'turn')"
"('NNS', 'mintues')","('NN', 'limit')","('WDT', 'that')","('VBZ', 'has')","('VBN', 'been')"
"('DT', 'the')","('NN', 'nosie')","('IN', 'that')","('NNS', 'occurs')","('IN', 'in')"
"('NNP', 'David')","('VBP', 'say')","('IN', 'that')","('CD', 'one')","('NN', 'person')"
"('NNS', 'studies')","('VBP', 'show')","('IN', 'that')","('DT', 'the')","('NN', 'noise')"
"('DT', 'the')","('NN', 'noise')","('IN', 'that')","('VBZ', 'is')","('VBG', 'coming')"
"('VBP', 'have')","('VBN', 'experienced')","('IN', 'that')","('NN', 'spending')","('DT', 'a')"
"('DT', 'the')","('NN', 'thing')","('WDT', 'that')","('NNS', 'people')","('VBP', 'sit')"
"('DT', 'the')","('NNS', 'subjects')","('WDT', 'that')","('NNS', 'people')","('VBP', 'need')"
"('DT', 'the')","('NN', 'thing')","('WDT', 'that')","('PRP', 'they')","('VBP', 'need')"
"('IN', 'of')","('NNS', 'chairs')","('WDT', 'that')","('MD', 'can')","('VB', 'be')"
"('NNS', 'points')","('IN', 'out')","('DT', 'that')","('DT', 'the')","('JJ', 'uncomfotable')"
"('JJ', 'productive')","('CC', 'and')","('IN', 'that')","('MD', 'will')","('VB', 'be')"
"('NN', 'author')","('VBZ', 'asserts')","('IN', 'that')","('NNS', 'people')","('MD', 'should')"
"('JJ', 'comfotable')","('NNS', 'chirs')","('WDT', 'that')","('PRP', 'they')","('MD', 'can')"
"('DT', 'a')","('NN', 'chair')","('WDT', 'that')","('MD', 'could')","('VB', 'help')"
"('DT', 'the')","('NN', 'result')","('IN', 'that')","('PRP', 'they')","('RB', 'usually')"
"('WDT', 'which')","('VBZ', 'means')","('DT', 'that')","('PRP', 'they')","('VBP', 'are')"
"('NN', 'study')","('VBZ', 'says')","('IN', 'that')","('NNS', 'people')","('WP', 'who')"
"('NNS', 'People')","('VBP', 'think')","('IN', 'that')","('VBG', 'working')","('NN', 'inside')"
"('JJS', 'biggest')","('NNS', 'factors')","('DT', 'that')","('NN', 'make')","('DT', 'the')"
"('VBG', 'readding')","(',', ',')","('IN', 'that')","('MD', 'will')","('VB', 'be')"
"(',', ',')","('VBG', 'doing')","('IN', 'that')","('JJR', 'more')","('IN', 'than')"
"('VBG', 'doing')","('NN', 'something')","('WDT', 'that')","('VBP', 'need')","('NN', 'power')"
"(""''"", ""''"")","('VBZ', 'says')","('IN', 'that')","('DT', 'a')","('NN', 'lot')"
"('NNS', 'studies')","('VBZ', 'shows')","('IN', 'that')","('VBG', 'sitting')","('DT', 'all')"
"('NNS', 'works')","('VBP', 'require')","('IN', 'that')","('NN', 'worker')","('MD', 'should')"
"(""''"", ""''"")","('VBZ', 'says')","('IN', 'that')","('IN', 'in')","('DT', 'the')"
"('IN', 'with')","('NNS', 'chairs')","('IN', 'that')","('JJ', 'allow')","('DT', 'the')"
"('NNP', 'Fisher')","('VBZ', 'says')","('IN', 'that')","('``', '``')","('JJ', 'many')"
"('VBG', 'working')","('VBZ', 'is')","('IN', 'that')","('VBG', 'sitting')","('IN', 'with')"
"('NN', 'posion')","('IN', 'because')","('DT', 'that')","('MD', 'will')","('VB', 'affect')"
"('DT', 'the')","('NN', 'chair')","('IN', 'that')","('JJ', 'allow')","('DT', 'the')"
"('NNS', 'people')","('VBD', 'said')","('IN', 'that')","('DT', 'the')","('NN', 'way')"
"('NN', 'researcher')","('NN', 'support')","('WDT', 'that')","('DT', 'the')","('NN', 'thing')"
"('NN', 'worker')","('IN', 'in')","('DT', 'that')","('NN', 'setuation')","('NN', 'prefer')"
"('NNS', 'sizes')","(',', ',')","('IN', 'that')","('VBZ', 'is')","('IN', 'because')"
"('TO', 'to')","('VB', 'kill')","('IN', 'that')","('NN', 'body')","(':', '(')"
"('IN', 'in')","('NN', 'way')","('IN', 'that')","('NN', 'comfortness')","('MD', 'can')"
"('DT', 'the')","('JJ', 'coast')","('IN', 'that')","('NNS', 'users')","('MD', 'can')"
"('JJ', 'many')","('NNS', 'shapes')","('WDT', 'that')","('NNS', 'chairs')","('MD', 'can')"
"(',', ',')","('NNS', 'chairs')","('WDT', 'that')","('VBP', 'are')","('JJ', 'affordable')"
"(',', ',')","('NNS', 'chairs')","('WDT', 'that')","('VBP', 'are')","('RB', 'afford')"
"('NN', 'addtion')","('TO', 'to')","('DT', 'that')","('NNS', 'chairs')","('VBP', 'are')"
"('JJ', 'extra')","('TO', 'to')","('DT', 'that')","(',', ',')","('DT', 'the')"
"('MD', 'should')","('VB', 'know')","('IN', 'that')","('JJ', 'heakthy')","('NN', 'sitting')"
"('JJ', 'important')","('NNS', 'factors')","('WDT', 'that')","('VBZ', 'prevents')","('JJ', 'unhealthy')"
"('NNS', 'people')","('VBP', 'think')","('IN', 'that')","('TO', 'to')","('VB', 'sit')"
"('PRP$', 'your')","('NN', 'self')","('WDT', 'that')","('PRP', 'you')","('VBP', 'work')"
"('JJ', 'many')","('NN', 'problem')","('IN', 'that')","('VBN', 'caused')","('IN', 'by')"
"(',', ',')","('VBD', 'stated')","('IN', 'that')","('NN', 'comfort')","('CC', 'and')"
"('DT', 'the')","('NN', 'chair')","('IN', 'that')","('NNS', 'people')","('VBD', 'expressed')"
"('NNS', 'researchers')","('VBD', 'showed')","('IN', 'that')","('CD', 'two')","('NNS', 'terms')"
"('IN', 'of')","('VBG', 'sitting')","('IN', 'that')","('VBZ', 'is')","('VBG', 'westing')"
"('NNS', 'people')","('VBP', 'think')","('IN', 'that')","('JJ', 'good')","('NN', 'chair')"
"('JJ', 'ridiculous')","('CC', 'and')","('IN', 'that')","('NN', 'money')","('MD', 'should')"
"('VBN', 'hundred')","('NNS', 'emploees')","('IN', 'that')","('JJ', 'meant')","('PRP', 'they')"
"('IN', 'out')","('NN', 'side')","('WDT', 'that')","('NN', 'demand')","('NN', 'th')"
"('NNS', 'universities')","('VBP', 'provide')","('IN', 'that')","('NN', 'number')","('IN', 'of')"
"('MD', 'can')","('VB', 'do')","('DT', 'that')","('CC', 'and')","('MD', 'may')"
"('RB', 'clearly')","('VBP', 'show')","('IN', 'that')","('VBG', 'knowing')","('WRB', 'how')"
"('NN', 'hadr')","('NNS', 'problems')","('WDT', 'that')","('NN', 'prevent')","('PRP', 'us')"
"('PRP$', 'our')","('NN', 'money')","('WDT', 'that')","('PRP', 'we')","('VBP', 'are')"
"('RB', 'not')","('VBG', 'doing')","('IN', 'that')","('MD', 'may')","('VB', 'lead')"
"('NN', 'back')","('NNS', 'problems')","('WDT', 'that')","('MD', 'will')","('VB', 'affect')"
"('DT', 'the')","('NNS', 'chairs')","('WDT', 'that')","('PRP', 'we')","('VBP', 'are')"
"('JJ', 'flexible')","(',', ',')","('IN', 'that')","('VBZ', 'allows')","('PRP', 'us')"
"('DT', 'the')","('NN', 'position')","('IN', 'that')","('PRP', 'we')","('VBP', 'are')"
"('NNP', 'Staffel')","('VBD', 'advised')","('IN', 'that')","('PRP', 'we')","('MD', 'should')"
"('NN', 'idea')","('VBZ', 'is')","('IN', 'that')","('PRP', 'he')","('VBD', 'did')"
"('DT', 'the')","('NN', 'fact')","('IN', 'that')","('VBG', 'sitting')","('IN', 'in')"
"('NN', 'excellent-quality')","('NN', 'chair')","('WDT', 'that')","('NN', 'support')","('PRP$', 'our')"
"('DT', 'any')","('NNS', 'fluids')","('WDT', 'that')","('MD', 'may')","('VB', 'settle')"
"(':', ':')","('NN', 'imagine')","('IN', 'that')","('PRP', 'you')","('VBP', 'are')"
"('DT', 'the')","('NN', 'time')","('IN', 'that')","('PRP', 'you')","('VBP', 'spend')"
"('VBP', 'spend')","('IN', 'on')","('DT', 'that')","('NN', 'computer')","('VBG', 'calculating')"
"('NN', 'role')","('IN', 'of')","('DT', 'that')","('JJ', 'good')","('NN', 'chair')"
"('JJ', 'good')","('NN', 'chair')","('WDT', 'that')","('VBZ', 'has')","('DT', 'a')"
"('VBP', 'depend')","('IN', 'on')","('DT', 'that')","('NN', 'person')","('PRP', 'himself')"
"('RB', 'surely')","('RB', 'right')","('IN', 'that')","('DT', 'the')","('NN', 'chair')"
"('JJ', 'aware')","('IN', 'of')","('DT', 'that')","(',', ',')","('JJ', 'recent')"
"('VBP', 'have')","('VBN', 'shown')","('IN', 'that')","('NNS', 'people')","('VBP', 'restness')"
"('DT', 'the')","('NN', 'problem')","('IN', 'that')","('MD', 'might')","('VB', 'happened')"
"('NNP', 'Berlin')","('VBZ', 'claims')","('IN', 'that')","('NN', 'company')","('CC', 'and')"
"('VB', 'tell')","('PRP', 'them')","('IN', 'that')","(',', ',')","('NN', 'anyone')"
"('VBD', 'had')","('VBN', 'known')","('IN', 'that')","(',', ',')","('NNP', 'The')"
"('NN', 'point')","('-NONE-', 'here-')","('IN', 'that')","('JJ', 'healthy')","('NN', 'sitting')"
"('DT', 'the')","('NN', 'fact')","('IN', 'that')","('DT', 'the')","('NN', 'standing')"
"('NN', 'point')","('RP', 'out')","('IN', 'that')","('VBG', 'sitting')","('NNS', 'makes')"
"('JJ', 'comfortable')","('NN', 'chair')","('WDT', 'that')","('VBZ', 'makes')","('PRP$', 'our')"
"('JJ', 'important')","('NN', 'factor')","('WDT', 'that')","('MD', 'should')","('VB', 'be')"
"('NNS', 'differents')","('NNS', 'activities')","('WDT', 'that')","('DT', 'the')","('NNS', 'workers')"
"('NNP', 'Berlin')","('VBZ', 'says')","('IN', 'that')","('NNS', 'people')","('WP', 'who')"
"('IN', 'In')","('NN', 'fact')","('IN', 'that')","('VBZ', 'is')","('RB', 'not')"
"('NN', 'fact')","(',', ',')","('IN', 'that')","('RB', 'not')","('JJ', 'true')"
"('NNP', 'Fisher')","('NNS', 'argues')","('WDT', 'that')","('VBG', 'sitting')","('CC', 'and')"
"('DT', 'the')","('NN', 'fact')","('IN', 'that')","('PRP$', 'our')","('NNS', 'bodies')"
"('DT', 'the')","('NN', 'material')","('IN', 'that')","('VBN', 'made')","('IN', 'from')"
"('NN', 'comfort')","('NNS', 'chairs')","('WDT', 'that')","('JJ', 'good')","('IN', 'for')"
"('VB', 'feel')","('NN', 'comfort')","('IN', 'that')","('VBZ', 'makes')","('PRP', 'them')"
"('JJS', 'best')","('NN', 'chair')","('WDT', 'that')","('VBZ', 'employees')","('MD', 'should')"
"('NNS', 'people')","('VBP', 'say')","('IN', 'that')","('PRP', 'it')","('VBZ', 'is')"
"('NN', 'time')","('CC', 'and')","('IN', 'that')","('VBZ', 'is')","('JJ', 'wrong')"
"('JJ', 'critical')","('NNS', 'jobs')","('WDT', 'that')","('NN', 'require')","('PRP', 'them')"
"('DT', 'some')","('NNS', 'works')","('WDT', 'that')","('MD', 'could')","('VB', 'make')"
"('JJ', 'flexible')","('NN', 'chair')","('WDT', 'that')","('MD', 'can')","('VB', 'help')"
"('NN', 'office')","('NN', 'furnitue')","('WDT', 'that')","('VBZ', 'allows')","('DT', 'the')"
"('NNP', 'James')","('VBZ', 'says')","('IN', 'that')","('DT', 'the')","('NN', 'person')"
"('NN', 'lumbar')","('NN', 'support')","('WDT', 'that')","('VBZ', 'is')","('VBN', 'loacted')"
"('RB', 'also')","('VBZ', 'says')","('IN', 'that')","('DT', 'the')","('NN', 'chair')"
"('RBR', 'more')","('VBZ', 'is')","('IN', 'that')","('NNS', 'people')","('WP', 'who')"
"('JJ', 'wrong')","('NN', 'size')","('WDT', 'that')","('NN', 'dose')","('RB', 'not')"
"('JJ', 'same')","('NN', 'purpose')","('IN', 'that')","('VBN', 'mentioned')","('IN', 'above')"
"('JJ', 'main')","('NNS', 'aspects')","('WDT', 'that')","('MD', 'should')","('VB', 'be')"
"('VBP', 'are')","('NN', 'time')","('IN', 'that')","('MD', 'will')","('VB', 'be')"
"('DT', 'Another')","('NN', 'aspect')","('IN', 'that')","('MD', 'should')","('VB', 'me')"
"('JJ', 'many')","('NNS', 'articles')","('WDT', 'that')","('NN', 'express')","('WRB', 'how')"
"('VB', 'be')","('VBN', 'haind')","('IN', 'that')","('TO', 'to')","('VB', 'keep')"
"('JJ', 'main')","('NNS', 'things')","('WDT', 'that')","('VBG', 'bothering')","('CC', 'or')"
"('VB', 'design')","('NNS', 'chairs')","('WDT', 'that')","('NN', 'fit')","('IN', 'with')"
"('DT', 'the')","('NNS', 'subjects')","('WDT', 'that')","('PRP', 'they')","('VBP', 'focus')"
"('JJ', 'comfortable')","('NNS', 'seats')","('WDT', 'that')","('NN', 'help')","('NNS', 'students')"
"('JJ', 'uncomfortable')","('NNS', 'chairs')","('WDT', 'that')","('VBP', 'do')","('RB', 'not')"
"('NN', 'work')","('CC', 'and')","('IN', 'that')","('NNS', 'means')","('DT', 'the')"
"('JJ', 'good')","('NNS', 'chairs')","('WDT', 'that')","('VBZ', 'helps')","('PRP', 'them')"
"('JJ', 'short')","('NNS', 'workers')","('WDT', 'that')","('PRP', 'they')","('VBP', 'need')"
"('DT', 'the')","('NNS', 'readers')","('WDT', 'that')","('JJ', 'lean')","('NN', 'back')"
"('RB', 'ever')","('VBD', 'thought')","('IN', 'that')","('PRP$', 'your')","('NN', 'efficiency')"
"('DT', 'the')","('NN', 'way')","('IN', 'that')","('NNS', 'people')","('VBP', 'sit')"
"('DT', 'the')","('NN', 'way')","('IN', 'that')","('NNS', 'people')","('VBP', 'sit')"
"('DT', 'the')","('NN', 'thing')","('WDT', 'that')","('DT', 'the')","('NN', 'person')"
"('JJ', 'general')","('NN', 'agreement')","('WDT', 'that')","('JJ', 'many')","('NNS', 'postures')"
"('DT', 'the')","('NNS', 'materials')","('WDT', 'that')","('NN', 'use')","('TO', 'to')"
"('DT', 'the')","('NNS', 'features')","('IN', 'that')","('VBP', 'have')","('.', '.')"
"('DT', 'an')","('NN', 'equipment')","('IN', 'that')","('NNS', 'people')","('RB', 'just')"
"('DT', 'the')","('NN', 'price')","('IN', 'that')","('NNS', 'people')","('MD', 'can')"
"('DT', 'the')","('NN', 'thing')","('WDT', 'that')","('PRP', 'they')","('MD', 'will')"
"('NNS', 'people')","('VBP', 'think')","('IN', 'that')","('JJ', 'comfortable')","('NNS', 'chairs')"
"('DT', 'the')","('NNS', 'companies')","('WDT', 'that')","('VBP', 'have')","('NNS', 'offices')"
"('DT', 'the')","('NNS', 'people')","('IN', 'that')","('MD', 'can')","('RB', 'not')"
"(""''"", ""''"")","('NN', 'conclude')","('IN', 'that')","(',', ',')","(""''"", ""''"")"
"('DT', 'the')","('NNS', 'things')","('IN', 'that')","('NNS', 'helps')","('NNS', 'people')"
"('NN', 'chair')","(',', ',')","('IN', 'that')","('MD', 'might')","('VB', 'cause')"
"('NNP', 'Fisher')","('VBD', 'said')","('IN', 'that')","('NN', 'sitting')","('IN', 'for')"
"('IN', 'of')","('NN', 'time')","('WDT', 'that')","('NN', 'cause')","('JJ', 'other')"
"('NN', 'standing')","(',', ',')","('IN', 'that')","('NNS', 'helps')","('DT', 'a')"
"('NN', 'health')","(',', ',')","('IN', 'that')","('NN', 'lead')","('TO', 'to')"
"('VB', 'sit')","(',', ',')","('IN', 'that')","('NN', 'make')","('PRP', 'them')"
"(',', ',')","('IN', 'because')","('DT', 'that')","('JJ', 'give')","('PRP', 'them')"
"('NNS', 'desktops')","(',', ',')","('IN', 'that')","('NN', 'make')","('PRP', 'them')"
"('NN', 'result')","(',', ',')","('IN', 'that')","('JJ', 'give')","('PRP', 'them')"
"('MD', 'might')","('VB', 'say')","('IN', 'that')","('VBG', 'getting')","('JJ', 'modern')"
"('IN', 'of')","('NNS', 'materials')","('WDT', 'that')","('NN', 'cause')","('NN', 'health')"
"('NNP', 'Berlin')","('VBD', 'reported')","('IN', 'that')","('JJS', 'most')","('IN', 'of')"
"(',', ',')","('CC', 'and')","('IN', 'that')","('MD', 'might')","('VB', 'cause')"
"('VB', 'sit')","(',', ',')","('IN', 'that')","('MD', 'might')","('VB', 'cause')"
"('IN', 'of')","('NN', 'object')","('IN', 'that')","('VB', 'have')","('VBN', 'changed')"
"('DT', 'the')","('NN', 'place')","('IN', 'that')","('VB', 'have')","('JJ', 'normal')"
"('DT', 'the')","('NN', 'place')","('IN', 'that')","('NN', 'use')","('TO', 'to')"
"('JJ', 'long')","('NN', 'time')","('WDT', 'that')","('VB', 'be')","('NN', 'reasor')"
"('DT', 'some')","('NNS', 'companies')","('WDT', 'that')","('VBD', 'made')","('DT', 'the')"
"(""''"", ""''"")","('VBZ', 'says')","('IN', 'that')","('VBG', 'sitting')","('IN', 'for')"
"('DT', 'some')","('NNS', 'companies')","('WDT', 'that')","('JJ', 'comfortable')","('NN', 'chair')"
"('NN', 'like')","('NN', 'ReGeneration')","('WDT', 'that')","('DT', 'half')","('DT', 'each')"
"('NN', 'shuold')","('NN', 'understand')","('WDT', 'that')","('DT', 'some')","('NNS', 'combanies')"
"('VB', 'be')","('JJ', 'knew')","('IN', 'that')","('EX', 'there')","('VBP', 'are')"
"('NN', 'generation')","('NNS', 'workers')","('WDT', 'that')","('VBD', 'did')","('RB', 'not')"
"('JJ', 'first')","('NNS', 'reasons')","('WDT', 'that')","('VBZ', 'makes')","('WRB', 'how')"
"('RBR', 'more')","('JJ', 'important')","('IN', 'that')","('WP', 'what')","('TO', 'to')"
"('NNP', 'Berlin')","('VBZ', 'says')","('IN', 'that')","('PRP', 'he')","('CC', 'and')"
"('VBZ', 'says')","('RB', 'also')","('IN', 'that')","('DT', 'the')","('JJS', 'best')"
"('NN', 'chair')","('VBZ', 'is')","('IN', 'that')","('DT', 'the')","('NN', 'chair')"
"('DT', 'the')","('NN', 'idea')","('IN', 'that')","('WRB', 'how')","('TO', 'to')"
"('NNP', 'Fisher')","('VBZ', 'says')","('IN', 'that')","('DT', 'the')","('NN', 'upright')"
"('NN', 'however')","('NN', 'say')","('IN', 'that')","('NNS', 'people')","('VBP', 'get')"
"('NNS', 'sohpisticates')","('NNS', 'chairs')","('WDT', 'that')","('VBP', 'are')","('RBR', 'more')"
"('NN', 'reason')","('IN', 'behind')","('DT', 'that')","('VBP', 'are')","('RB', 'not')"
"('NNP', 'Fisher')","('VBZ', 'says')","('IN', 'that')","('NNS', 'scientests')","('IN', 'like')"
"('PRP', 'He')","('VBZ', 'says')","('IN', 'that')","('NNS', 'people')","('VBP', 'need')"
"('PRP', 'He')","('VBP', 'say')","('IN', 'that')","('EX', 'there')","('VBZ', 'is')"
"('VBZ', 'is')","('JJ', 'true')","('IN', 'that')","('WP', 'what')","('NN', 'kind')"
"('JJ', 'previous')","('NN', 'generation')","('WDT', 'that')","('VBD', 'did')","('RB', 'not')"
"('PRP', 'you')","('VBP', 'think')","('IN', 'that')","('DT', 'the')","('NN', 'factory')"
"('NNP', 'Farming')","(""''"", ""''"")","('WDT', 'that')","('DT', 'these')","('JJ', 'large')"
"('RB', 'also')","('VBP', 'do')","('DT', 'that')","('IN', 'for')","('NNS', 'plants')"
"('DT', 'These')","('NN', 'fod')","('IN', 'that')","('JJ', 'modern')","('NNS', 'farms')"
"('DT', 'the')","('NN', 'food')","('IN', 'that')","('NN', 'grow')","('IN', 'in')"
"('NNS', 'advocates')","('VBP', 'claim')","('IN', 'that')","('NNS', 'pesticides')","('IN', 'in')"
"('NNP', 'David')","('VBZ', 'states')","('IN', 'that')","('DT', 'the')","('JJ', 'viral')"
"('NNP', 'James')","('NN', 'calim')","('WDT', 'that')","('``', '``')","(':', '...')"
"('JJ', 'strong')","('NN', 'law')","('WDT', 'that')","('MD', 'can')","('VB', 'restrect')"
"('DT', 'the')","('JJ', 'dangerous')","('IN', 'that')","('VBG', 'comming')","('IN', 'from')"
"('DT', 'the')","('JJ', 'dangrous')","('IN', 'that')","('VBG', 'coming')","('NN', 'fron')"
"('NNS', 'people')","('VBP', 'think')","('IN', 'that')","('NN', 'factory')","('VBG', 'farming')"
"('RB', 'clearly')","('VBN', 'seen')","('IN', 'that')","('NN', 'factory')","('NNS', 'farms')"
"('RB', 'also')","('VBZ', 'notes')","('IN', 'that')","('IN', 'by')","('VBG', 'making')"
"('NNS', 'methods')","('VBP', 'believe')","('IN', 'that')","('JJ', 'industrial')","('NNS', 'techniques')"
"('VBG', 'Having')","('NN', 'food')","('IN', 'that')","('JJ', 'able')","('TO', 'to')"
"('NN', 'production')","('CC', 'and')","('IN', 'that')","('JJ', 'possible')","('IN', 'by')"
"('NN', 'result')","('IN', 'for')","('DT', 'that')","('NNS', 'factories')","('RB', 'definatlly')"
"('VB', 'be')","('VBN', 'seen')","('IN', 'that')","('IN', 'at')","('JJ', 'many')"
"('IN', 'of')","('NN', 'life')","('IN', 'that')","('VBD', 'was')","('VBN', 'developed')"
"('DT', 'the')","('NNS', 'countries')","('IN', 'that')","('VBN', 'welcomed')","('DT', 'these')"
"('NN', 'world')","(""''"", ""''"")","('WDT', 'that')","('DT', 'these')","('NNS', 'companies')"
"('NNS', 'reseachers')","('VBP', 'say')","('IN', 'that')","('VBG', 'achieving')","('JJ', 'such')"
"('NNS', 'people')","('VBP', 'think')","('IN', 'that')","('NN', 'factory')","('VBG', 'farming')"
"('NNS', 'people')","('VBP', 'think')","('IN', 'that')","('NN', 'factory')","('VBZ', 'is')"
"('JJ', 'agricultural')","('NN', 'productivity')","('WDT', 'that')","('VBD', 'helped')","('TO', 'to')"
"('DT', 'this')","('VBZ', 'means')","('IN', 'that')","('NN', 'non')","('IN', 'of')"
"('NNS', 'needs')","('CC', 'and')","('IN', 'that')","('WRB', 'why')","('DT', 'the')"
"('JJ', 'good')","('NNS', 'improvements')","('WDT', 'that')","('PRP', 'they')","('VBP', 'are')"
"('NNP', ')')","('CC', 'and')","('IN', 'that')","('MD', 'could')","('VB', 'prove')"
"('MD', 'could')","('VB', 'prove')","('IN', 'that')","('NN', 'factory')","('VBG', 'farming')"
"('IN', 'of')","('NN', 'food')","('IN', 'that')","('MD', 'can')","('VB', 'be')"
"('NNS', 'enviromentalists')","('VBP', 'belive')","('IN', 'that')","('NN', 'factory')","('VBG', 'farming')"
"('JJ', 'main')","('NNS', 'factors')","('WDT', 'that')","('VBN', 'hurt')","('DT', 'the')"
"('JJ', 'Large')","('NNS', 'corporarions')","('WDT', 'that')","('NN', 'produce')","('JJS', 'most')"
"('JJR', 'cheaper')","('NN', 'price')","('WDT', 'that')","('VBZ', 'is')","('VBN', 'offered')"
"('NN', 'effect')","(',', ',')","('IN', 'that')","('VBN', 'led')","('TO', 'to')"
"('NNP', 'Farming')","('NN', 'factory')","('WDT', 'that')","('VBZ', 'is')","('VBN', 'run')"
"('VBG', 'farming')","('JJ', 'beleive')","('IN', 'that')","('RB', 'only')","('IN', 'in')"
"('VBZ', 'is')","('NN', 'ture')","('IN', 'that')","('PRP', 'they')","('VBP', 'provide')"
"('NNS', 'people')","('VBP', 'think')","('IN', 'that')","('DT', 'this')","('NN', 'kind')"
"('NNS', 'others')","('VBP', 'belive')","('IN', 'that')","('DT', 'this')","('VBZ', 'is')"
"('PRP', 'He')","('VBD', 'bleive')","('IN', 'that')","('DT', 'the')","('JJS', 'best')"
"('NN', 'world')","('VBZ', 'is')","('IN', 'that')","('NN', 'use')","('NNS', 'modren')"
"('NNS', 'people')","('VBP', 'think')","('IN', 'that')","('NN', 'factor')","('VBG', 'farming')"
"('RB', 'Actually')","(',', ',')","('IN', 'that')","('VBZ', 'is')","('JJ', 'true')"
"('DT', 'the')","('NN', 'development')","('IN', 'that')","('NN', 'took')","('NN', 'place')"
"('RB', 'Also')","(',', ',')","('IN', 'that')","('NN', 'reflct')","('RB', 'positvely')"
"('NN', 'factory')","('NN', 'think')","('IN', 'that')","('VBZ', 'is')","('DT', 'a')"
"('IN', 'of')","('NNS', 'animals')","('WDT', 'that')","('VBP', 'allow')","('NNS', 'people')"
"('JJ', 'scientific')","('NNS', 'ways')","('WDT', 'that')","('NN', 'conyribute')","('TO', 'to')"
"('NN', 'chemachal')","('NNS', 'substances')","('WDT', 'that')","('VB', 'improve')","('DT', 'the')"
"('CC', 'and')","('NNS', 'antibiotics')","('WDT', 'that')","('NN', 'help')","('TO', 'to')"
"('IN', 'of')","('NN', 'food')","('IN', 'that')","('NN', 'decrease')","('DT', 'the')"
"('NNS', 'people')","('VBP', 'argue')","('IN', 'that')","('NN', 'factory')","('VBG', 'farming')"
"('PRP', 'they')","('VBP', 'think')","('IN', 'that')","('DT', 'these')","('NN', 'factory')"
"('NNS', 'people')","('VBP', 'believe')","('IN', 'that')","('DT', 'these')","('NNS', 'factories')"
"('NNS', 'people')","('VBP', 'think')","('IN', 'that')","('DT', 'these')","('NNS', 'factories')"
"('NN', 'agriculture')","('NNS', 'crops')","('IN', 'that')","('NN', 'contribute')","('TO', 'to')"
"('DT', 'the')","('NN', 'poverty')","('IN', 'that')","('JJ', 'killed')","('JJ', 'many')"
"('NNS', 'critics')","('VBP', 'say')","('IN', 'that')","('NN', 'factory')","('VBG', 'farming')"
"('DT', 'the')","('NNS', 'countries')","('IN', 'that')","('VBP', 'have')","('DT', 'a')"
"('JJ', 'chemical')","('NNS', 'things')","('WDT', 'that')","('DT', 'the')","('NNS', 'farmers')"
"('JJ', 'Many')","('NNS', 'countries')","('WDT', 'that')","('IN', 'depende')","('IN', 'on')"
"('JJ', 'traditional')","('NN', 'way')","('IN', 'that')","('JJ', 'many')","('NNS', 'counries')"
"('DT', 'the')","('NNS', 'animals')","('WDT', 'that')","('VBD', 'breeded')","('IN', 'in')"
"('IN', 'of')","('NN', 'waste')","('IN', 'that')","('NN', 'go')","('RB', 'directly')"
"('JJ', 'normal')","('NN', 'farming')","('WDT', 'that')","('DT', 'the')","('NNS', 'famers')"
"('IN', 'like')","('NN', 'chickin')","('IN', 'that')","('NN', 'took')","('RB', 'almost')"
"('JJ', 'chemical')","('NNS', 'subestances')","('WDT', 'that')","('VBD', 'agreed')","('IN', 'from')"
"('IN', 'of')","('NNS', 'things')","('WDT', 'that')","('NN', 'harm')","('DT', 'the')"
"('NNS', 'people')","('VBP', 'say')","('IN', 'that')","('NN', 'technology')","('VBZ', 'has')"
"('NNP', 'Fiisher')","('VBZ', 'says')","('IN', 'that')","('DT', 'the')","('NN', 'technology')"
"('NNS', 'advocates')","('VBP', 'say')","('IN', 'that')","('NN', 'factory')","('VBG', 'farming')"
"('NN', 'technology')","('CC', 'and')","('IN', 'that')","('WP', 'what')","('NNS', 'states')"
"('NNP', 'Berlin')","('VBZ', 'argues')","('IN', 'that')","('NN', 'factory')","('VBG', 'farming')"
"('NNS', 'people')","('VBP', 'believe')","('IN', 'that')","('NN', 'factory')","('VBG', 'farming')"
"('JJ', 'dangerous')","('NNS', 'materials')","('WDT', 'that')","('VBN', 'used')","('TO', 'to')"
"('NNS', 'becoms')","('NN', 'diffefult')","('IN', 'that')","('VBZ', 'is')","('WRB', 'why')"
"('RB', 'very')","('JJ', 'big.All')","('IN', 'that')","('NN', 'becouse')","('NNS', 'people')"
"('NNS', 'materals')","('IN', 'for')","('DT', 'that')","('CC', 'and')","('IN', 'that')"
"('DT', 'that')","('CC', 'and')","('IN', 'that')","('NN', 'cost')","('NNS', 'farmars')"
"('PRP', 'we')","('VBD', 'knew')","('IN', 'that')","('IN', 'in')","('DT', 'the')"
"('JJ', 'animals.becouse')","('IN', 'of')","('DT', 'that')","('EX', 'there')","('VBD', 'were')"
"('MD', 'can')","('VB', 'see')","('IN', 'that')","('EX', 'there')","('VBP', 'are')"
"('RB', 'not')","('RB', 'just')","('WDT', 'that')","('CC', 'but')","('RB', 'also')"
"('VB', 'risk')","('RB', 'so')","('IN', 'that')","('VBD', 'was')","('CD', 'one')"
"('CC', 'and')","('IN', 'with')","('DT', 'that')","('JJ', 'many')","('NNS', 'inovations')"
"('NN', 'livestock')","('NN', 'strategy')","('WDT', 'that')","('MD', 'would')","('VB', 'be')"
"('VBZ', 'is')","('VBN', 'advised')","('IN', 'that')","('VBG', 'developing')","('NNS', 'nations')"
"('NNS', 'experts')","('VBP', 'predict')","('IN', 'that')","('DT', 'the')","('NN', 'agriculture')"
"('NNS', 'examples')","('IN', 'for')","('DT', 'that')","('IN', 'in')","('NNP', 'African')"
"('NNP', 'Fisher')","('NNS', 'states')","('WDT', 'that')","('DT', 'these')","('NNS', 'factors')"
"('NNS', 'farms')","('CC', 'and')","('IN', 'that')","('NN', 'made')","('DT', 'the')"
"('NNP', 'Fisher')","('NNS', 'states')","('WDT', 'that')","('EX', 'there')","('VBP', 'are')"
"('DT', 'the')","('NNS', 'methods')","('WDT', 'that')","('DT', 'the')","('NN', 'facory')"
"('PRP', 'he')","('VBZ', 'demonstrates')","('IN', 'that')","('NN', 'owner')","('IN', 'of')"
"('NN', 'side')","('NNS', 'effects')","('WDT', 'that')","('PRP', 'they')","('VBD', 'caused')"
"('NNP', 'Berlin')","('NNS', 'mentions')","('WDT', 'that')","('DT', 'the')","('NNP', 'World')"
"('NNP', 'World')","('NNP', 'Bank')","('WDT', 'that')","('VBD', 'helped')","('DT', 'the')"
"('RB', 'also')","('VBZ', 'states')","('IN', 'that')","('EX', 'there')","('VBP', 'are')"
"('NNS', 'researches')","('NN', 'incaurge')","('IN', 'that')","('DT', 'the')","('NN', 'agriculture')"
"('NN', 'factory')","('NNS', 'farms')","('WDT', 'that')","('PRP$', 'their')","('NNS', 'farms')"
"('VB', 'be')","('VBN', 'noticed')","('IN', 'that')","('JJ', 'many')","('NNS', 'people')"
"('JJ', 'organic')","('NN', 'food')","('WDT', 'that')","('VBP', 'are')","('VBG', 'producing')"
"('NN', 'farm')","('CC', 'and')","('IN', 'that')","('NN', 'reflect')","('DT', 'the')"
"('IN', 'of')","('NNS', 'machines')","('WDT', 'that')","('MD', 'can')","('VB', 'produce')"
"('JJ', 'only')","('NN', 'method')","('WDT', 'that')","('MD', 'can')","('VB', 'be')"
"('JJS', 'worst')","('NN', 'thing')","('WDT', 'that')","('NN', 'cause')","('NNS', 'problems')"
"('DT', 'the')","('NN', 'environment')","('IN', 'that')","('MD', 'may')","('VB', 'destroy')"
"('NNS', 'people')","('VBP', 'think')","('IN', 'that')","('IN', 'with')","('NN', 'factory')"
"('RB', 'quickly')","('RB', 'so')","('IN', 'that')","('NNS', 'seems')","('TO', 'to')"
"('JJ', 'traditional')","('NN', 'method')","('WDT', 'that')","('JJS', 'most')","('NNS', 'people')"
"('MD', 'can')","('VB', 'see')","('IN', 'that')","('EX', 'there')","('VBP', 'are')"
"('JJ', 'modern')","('NNS', 'machines')","('WDT', 'that')","('MD', 'can')","('VB', 'produce')"
"('JJ', 'new')","('NNS', 'technigues')","('WDT', 'that')","('MD', 'can')","('VB', 'make')"
"('NNS', 'statistics')","('VBP', 'show')","('IN', 'that')","('NN', 'rice')","('NN', 'maker')"
"('DT', 'the')","('NNS', 'problems')","('WDT', 'that')","('DT', 'the')","('NNS', 'animals')"
"('DT', 'the')","('NNS', 'people')","('IN', 'that')","('NN', 'food')","('VBZ', 'is')"
"('NNS', 'people')","('VBP', 'think')","('IN', 'that')","('JJ', 'industrial')","('NN', 'farming')"
"('JJ', 'only')","('NN', 'thing')","('WDT', 'that')","('MD', 'can')","('VB', 'be')"
"('NNS', 'people')","('VBP', 'say')","('IN', 'that')","('NN', 'factory')","('VBG', 'farming')"
"('IN', 'in')","('CD', '2001')","('WDT', 'that')","('VBN', 'promised')","('TO', 'to')"
"('NN', 'factory')","('NNS', 'farms')","('WDT', 'that')","('MD', 'will')","('VB', 'reduce')"
"('VBZ', 'is')","('JJ', 'true')","('IN', 'that')","('NN', 'factory')","('VBG', 'farming')"
"('JJ', 'negative')","('NNS', 'impacts')","('WDT', 'that')","('VBP', 'need')","('TO', 'to')"
"('VBP', 'prefer')","('PRP', 'it')","('IN', 'that')","('NN', 'thee')","('JJ', 'industrial')"
"('NN', 'safty')","('NN', 'food')","('WDT', 'that')","('VBZ', 'does')","('RB', 'not')"
"('IN', 'of')","('NNS', 'chemicals')","('WDT', 'that')","('MD', 'might')","('VB', 'be')"
"('JJ', 'poor')","('NN', 'peope')","('WDT', 'that')","('VBZ', 'does')","('RB', 'not')"
"('NNS', 'people')","('VBP', 'say')","('IN', 'that')","('DT', 'the')","('NN', 'factory')"
"('VB', 'produce')","('NN', 'food')","('WDT', 'that')","('VBP', 'are')","('RB', 'very')"
"('DT', 'an')","('NN', 'issue')","('IN', 'that')","('NNS', 'people')","('VBP', 'argue')"
"('RB', 'personally')","('VBP', 'believe')","('IN', 'that')","('VBG', 'develpoing')","('NNS', 'nations')"
"('NNS', 'people')","('VBP', 'find')","('IN', 'that')","('PRP', 'it')","('VBZ', 'is')"
"('DT', 'the')","('NN', 'nature')","('IN', 'that')","('NNS', 'surrounds')","('PRP', 'us')"
"('NNS', 'animals')","(',', ',')","('IN', 'that')","('NN', 'seem')","('TO', 'to')"
"('DT', 'the')","('NN', 'money')","('IN', 'that')","('VBZ', 'comes')","('IN', 'from')"
"('VBZ', 'comes')","('IN', 'from')","('DT', 'that')","('NN', 'process')","('WDT', 'which')"
"(',', ',')","('VBZ', 'is')","('IN', 'that')","('PRP', 'they')","('VBP', 'believe')"
"('PRP', 'they')","('VBP', 'believe')","('IN', 'that')","('PRP', 'it')","('VBZ', 'helps')"
"('RB', 'not')","('VB', 'realize')","('IN', 'that')","(',', ',')","('IN', 'in')"
"('JJ', 'traditional')","('NN', 'farming')","('WDT', 'that')","('PRP', 'they')","('VBD', 'had')"
"('CC', 'but')","('RB', 'now')","('IN', 'that')","('PRP', 'it')","('VBZ', 'is')"
"('DT', 'the')","('NNS', 'countries')","('IN', 'that')","('VBP', 'are')","('JJ', 'rich')"
"('JJR', 'more')","('NNS', 'problems')","('WDT', 'that')","('PRP', 'they')","('VBP', 'are')"
"('NN', 'issue')","('IN', 'at')","('DT', 'that')","('NN', 'time')","('.', '.')"
"('DT', 'the')","('NNS', 'places')","('WDT', 'that')","('NNS', 'people')","('CC', 'or')"
"('NNS', 'farms')","('VBP', 'use')","('IN', 'that')","('NN', 'type')","('IN', 'of')"
"('DT', 'the')","('NNS', 'farms')","('WDT', 'that')","('NN', 'use')","('DT', 'some')"
"('DT', 'the')","('NNS', 'people')","('IN', 'that')","('JJ', 'own')","('DT', 'a')"
"(',', ',')","('IN', 'because')","('DT', 'that')","('VBZ', 'means')","('PRP', 'we')"
"('IN', 'of')","('NNS', 'things')","('WDT', 'that')","('VBP', 'are')","('VBD', 'added')"
"('DT', 'the')","('NNS', 'things')","('IN', 'that')","('PRP', 'they')","('VBP', 'produce')"
"('MD', 'should')","('VB', 'know')","('IN', 'that')","('DT', 'the')","('NN', 'food')"
"('DT', 'the')","('NN', 'food')","('IN', 'that')","('VBZ', 'comes')","('IN', 'from')"
"('DT', 'the')","('NNS', 'things')","('IN', 'that')","('PRP', 'they')","('VBP', 'produce')"
"('DT', 'The')","('NNS', 'things')","('IN', 'that')","('VBP', 'are')","('VBN', 'used')"
"('VBG', 'taking')","('NN', 'food')","('WDT', 'that')","('VBD', 'was')","('VBN', 'produced')"
"('DT', 'the')","('NNS', 'plants')","('WDT', 'that')","('NNS', 'people')","('VBD', 'used')"
"('JJ', 'small')","('NNS', 'farms')","('WDT', 'that')","('DT', 'some')","('NNS', 'families')"
"('DT', 'the')","('NNS', 'families')","('WDT', 'that')","('VBP', 'have')","('JJ', 'small')"
"('RB', 'not')","('RB', 'just')","('WDT', 'that')","('NN', 'factory')","('VBZ', 'farms')"
"('DT', 'the')","('NNS', 'people')","('IN', 'that')","('NN', 'get')","('DT', 'the')"
"('DT', 'the')","('NNS', 'people')","('IN', 'that')","('JJ', 'own')","('JJ', 'small')"
"('DT', 'the')","('NNS', 'things')","('IN', 'that')","('PRP', 'they')","('VBP', 'produce')"
"(',', ',')","('CC', 'and')","('IN', 'that')","('VBZ', 'is')","('RB', 'not')"
"(',', ',')","('RB', 'so')","('IN', 'that')","('PRP', 'they')","('MD', 'can')"
"('NN', 'score')","('IN', 'in')","('DT', 'that')","('NN', 'test')","(':', '(')"
"('NNS', 'people')","('VBP', 'find')","('IN', 'that')","('NN', 'system')","('JJ', 'unfair')"
"('DT', 'the')","('NNS', 'scores')","('WDT', 'that')","('NNS', 'students')","('IN', 'in')"
"('NNS', 'scores')","('RB', 'so')","('IN', 'that')","('DT', 'the')","('NN', 'country')"
"('DT', 'an')","('NN', 'interview')","('IN', 'that')","('NNP', 'US')","('NN', 'education')"
"('NNS', 'people')","('VBP', 'think')","('IN', 'that')","('PRP', 'they')","('MD', 'may')"
"('JJ', 'low')","('NNS', 'scores')","('WDT', 'that')","('PRP$', 'their')","('NNS', 'students')"
"('PRP', 'they')","('VBP', 'know')","('IN', 'that')","('DT', 'the')","('NN', 'goverment')"
"('NNS', 'scores')","('CC', 'and')","('IN', 'that')","('MD', 'could')","('VB', 'make')"
"('JJ', 'educational')","('NN', 'institution')","('WDT', 'that')","('VBZ', 'does')","('RB', 'not')"
"('DT', 'some')","('NNS', 'schools')","('WDT', 'that')","('VBP', 'are')","('RB', 'not')"
"('VBG', 'According')","('TO', 'to')","('DT', 'that')","(',', ',')","('NNP', 'In')"
"('JJ', 'only')","('NN', 'way')","('IN', 'that')","('NNS', 'people')","('CC', 'and')"
"('JJ', 'educational')","('NNS', 'instotutions')","('WDT', 'that')","('VBP', 'have')","('PRP$', 'their')"
"('DT', 'this')","('VBZ', 'means')","('IN', 'that')","('NN', 'everything')","('VBZ', 'is')"
"('RB', 'not')","('VB', 'do')","('DT', 'that')","('NN', 'assignment')","('IN', 'by')"
"('PRP', 'I')","('VBP', 'know')","('IN', 'that')","('DT', 'the')","('NN', 'teacher')"
"('TO', 'to')","('VB', 'evaluate')","('IN', 'that')","('NN', 'assignment')","('.', '.')"
"('TO', 'to')","('VB', 'pass')","('IN', 'that')","('NN', 'class')","('.', '.')"
"('DT', 'This')","('VBZ', 'means')","('IN', 'that')","('JJ', 'standardized')","('NNS', 'tests')"
"('NNS', 'points')","('IN', 'out')","('DT', 'that')","('DT', 'these')","('NNS', 'tests')"
"('NNS', 'families')","('VBP', 'know')","('IN', 'that')","('PRP$', 'their')","('NN', 'son')"
"('JJ', 'many')","('NNS', 'tests')","('WDT', 'that')","('PRP', 'we')","('VBP', 'take')"
"('IN', 'on')","('NN', 'test')","('IN', 'that')","('VB', 'do')","('RB', 'not')"
"('PRP', 'we')","('VBZ', 'thinks')","('IN', 'that')","('DT', 'a')","('NN', 'standerd')"
"('NNP', 'Charlie')","('VBZ', 'says')","('IN', 'that')","('``', '``')","('JJ', 'French')"
"('DT', 'This')","('VBZ', 'means')","('IN', 'that')","('PRP', 'they')","('VBP', 'choose')"
"('VBZ', 'is')","('VBN', 'hrad')","('IN', 'that')","('PRP', 'we')","('VBP', 'choose')"
"('TO', 'to')","('VB', 'know')","('IN', 'that')","('PRP', 'they')","('MD', 'will')"
"('NN', 'one')","('VBZ', 'knows')","('IN', 'that')","('PRP', 'he')","('VBZ', 'is')"
"('VBZ', 'tells')","('PRP', 'us')","('IN', 'that')","('EX', 'there')","('VBP', 'are')"
"('NN', 'intellingent')","('NNS', 'students')","('WDT', 'that')","('PRP', 'we')","('VBP', 'do')"
"('NN', 'law')","('CC', 'and')","('IN', 'that')","('NNS', 'shows')","('DT', 'the')"
"('NNP', 'Charlie')","('VBZ', 'says')","('IN', 'that')","('``', '``')","('DT', 'The')"
"('VBZ', 'tells')","('PRP', 'us')","('IN', 'that')","('PRP', 'it')","('VBZ', 'is')"
"('NNP', 'Thomas')","('VBZ', 'says')","('IN', 'that')","('``', '``')","('NNP', 'Because')"
"('VBZ', 'shows')","('PRP', 'us')","('IN', 'that')","('DT', 'the')","('NNS', 'students')"
"('JJ', 'top')","('IN', 'of')","('DT', 'that')","(',', ',')","('PRP', 'they')"
"('NNP', 'Charlie')","('VBZ', 'says')","('IN', 'that')","('``', '``')","('NNS', 'Kids')"
"('NN', 'tell')","('PRP', 'us')","('IN', 'that')","('DT', 'the')","('NNS', 'students')"
"('NN', 'business')","('CC', 'and')","('IN', 'that')","('MD', 'might')","('VB', 'help')"
"('TO', 'to')","('VB', 'know')","('IN', 'that')","('DT', 'this')","('NN', 'test')"
"('NNS', 'people')","('VBP', 'think')","('IN', 'that')","('NNS', 'teachers')","('MD', 'should')"
"('``', '``')","('VBZ', 'explains')","('DT', 'that')","(',', ',')","('IN', 'in')"
"('PRP', 'He')","('VBZ', 'mentions')","('IN', 'that')","('NNS', 'students')","('VBP', 'attain')"
"('TO', 'to')","('VB', 'know')","('IN', 'that')","('NNS', 'students')","('VBP', 'do')"
"('NNP', 'Fisher')","('VBP', 'demonstrate')","('IN', 'that')","(',', ',')","('VBD', 'united')"
"(',', ',')","('NNP', 'Bush')","('IN', 'that')","('NN', 'test')","('NNS', 'students')"
"('``', '``')","('VBZ', 'insists')","('DT', 'that')","('VBZ', 'universites')","('VBN', 'put')"
"('NNP', 'Berlin')","('VBZ', 'explains')","('IN', 'that')","('NN', 'accomplishment')","('IN', 'in')"
"('DT', 'every')","('NNS', 'lessons')","('WDT', 'that')","('PRP', 'they')","('VBD', 'taught')"
"('RB', 'generally')","('VBN', 'accepted')","('IN', 'that')","('DT', 'the')","('NNS', 'schools')"
"('PRP', 'it')","('RB', 'fair')","('IN', 'that')","('PRP', 'we')","('VBP', 'ignore')"
"('DT', 'the')","('NNS', 'years')","('IN', 'that')","('PRP', 'they')","('VBP', 'have')"
"('DT', 'the')","('NN', 'education')","('IN', 'that')","('PRP', 'they')","('VBG', 'looking')"
"('VB', 'fail')","('IN', 'in')","('DT', 'that')","('NN', 'test')","('RB', 'just')"
"('DT', 'the')","('NNS', 'scores')","('WDT', 'that')","('PRP', 'they')","('VBD', 'got')"
"('NNP', ')')","(',', ',')","('IN', 'that')","('MD', 'could')","('VB', 'clarfiy')"
"('NN', 'secoend')","('NN', 'reason')","('WDT', 'that')","('PRP', 'we')","('RB', 'usually')"
"('VB', 'go')","('NNS', 'schols')","('WDT', 'that')","('PRP', 'they')","('VBP', 'dont')"
"('DT', 'the')","('NN', 'program')","('WDT', 'that')","('PRP', 'they')","('VBP', 'want')"
"('VB', 'choose')","('NNS', 'tests')","('WDT', 'that')","('VBP', 'are')","('VBG', 'testing')"
"('DT', 'a')","('NN', 'test')","('WDT', 'that')","('VBZ', 'is')","('RBR', 'better')"
"('DT', 'a')","('NN', 'test')","('WDT', 'that')","('NN', 'show')","('WP', 'what')"
"('IN', 'for')","('NNS', 'students')","('WDT', 'that')","('MD', 'can')","('RB', 'not')"
"('DT', 'a')","('NN', 'test')","('WDT', 'that')","('MD', 'could')","('VB', 'evaluate')"
"('DT', 'a')","('NN', 'test')","('WDT', 'that')","('NN', 'test')","('NNS', 'students')"
"('NN', 'history')","('VBZ', 'states')","('IN', 'that')","('DT', 'the')","('NNP', 'China')"
"('CC', 'and')","('IN', 'since')","('DT', 'that')","('NN', 'time')","(',', ',')"
"('DT', 'any')","('NN', 'possibility')","('IN', 'that')","('PRP', 'it')","('VBZ', 'is')"
"('RBR', 'more')","('IN', 'than')","('DT', 'that')","('NN', '(')","('NNP', 'Thomas')"
"('JJ', 'many')","('NNS', 'factors')","('WDT', 'that')","('MD', 'should')","('VB', 'be')"
"('DT', 'the')","('NNS', 'efforts')","('WDT', 'that')","('DT', 'the')","('NNS', 'teachers')"
"('DT', 'the')","('NNS', 'lessons')","('WDT', 'that')","('VBP', 'are')","('VBN', 'given')"
"('NNS', 'tests')","('CC', 'and')","('IN', 'that')","('WRB', 'why')","('PRP', 'they')"
"('NNP', 'University')","('VBZ', 'thinks')","('IN', 'that')","('DT', 'the')","('NN', 'school')"
"('DT', 'the')","('NNS', 'scores')","('WDT', 'that')","('PRP', 'they')","('MD', 'should')"
"('NNS', 'tests')","('IN', 'because')","('DT', 'that')","('MD', 'will')","('VB', 'destroy')"
"('NN', 'test')","('NNS', 'scores')","('WDT', 'that')","('PRP$', 'their')","('NNS', 'students')"
"('DT', 'The')","('NN', 'discussion')","('IN', 'that')","('IN', 'whether')","('JJ', 'organic')"
"('VBG', 'farming')","('NNS', 'methods')","('WDT', 'that')","('NNS', 'people')","('VBD', 'used')"
"('JJ', 'different')","('NNS', 'experimentals')","('WDT', 'that')","('VBP', 'have')","('VBN', 'been')"
"('NN', 'gereration')","('VBN', 'used')","('IN', 'that')","('IN', 'without')","('DT', 'any')"
"('VBZ', 'is')","('NN', 'something')","('IN', 'that')","('JJ', 'many')","('NNS', 'people')"
"('VBZ', 'is')","('JJ', 'clear')","('IN', 'that')","('VBG', 'using')","('JJ', 'organic')"
"('NN', 'reason')","('NN', 'behaind')","('WDT', 'that')","('PRP', 'he')","('VBZ', 'is')"
"('NNS', 'disadvanteges')","('IN', 'of')","('DT', 'that')","(',', ',')","('CC', 'but')"
"('DT', 'the')","('NN', 'value')","('IN', 'that')","('PRP', 'I')","('VBP', 'gain')"
"('NNS', 'people')","('VBP', 'agree')","('IN', 'that')","('JJ', 'organic')","('VBP', 'are')"
"('PRP', 'they')","('VBP', 'catogrize')","('IN', 'that')","('IN', 'as')","('JJ', 'first')"
"('VB', 'rethink')","('IN', 'about')","('DT', 'that')","('IN', 'in')","('NN', 'order')"
"('DT', 'the')","('JJ', 'human.For')","('IN', 'that')","('DT', 'the')","('NN', 'agreculture')"
"('NNS', 'people')","('VBP', 'think')","('IN', 'that')","('DT', 'the')","('NN', 'organig')"
"('MD', 'can')","('VB', 'agree')","('IN', 'that')","('DT', 'the')","('JJ', 'organic')"
"('VBN', 'limited')","('NN', 'consetration')","('IN', 'that')","('VB', 'do')","('RB', 'not')"
"('NNS', 'people')","('VBP', 'believe')","('IN', 'that')","('DT', 'the')","('JJ', 'organic')"
"('JJ', 'white')","('NN', 'bread')","('WDT', 'that')","('VBZ', 'needs')","('VBZ', 'additives')"
"('NN', 'concentation')","(',', ',')","('IN', 'that')","('VBN', 'used')","('IN', 'as')"
"('MD', 'can')","('VB', 'see')","('IN', 'that')","('DT', 'this')","('NN', 'indestury')"
"('NN', 'articl')","('NN', 'amphasise')","('WDT', 'that')","('DT', 'the')","('JJ', 'organic')"
"('CC', 'and')","('VBZ', 'says')","('IN', 'that')","('DT', 'the')","('JJ', 'organic')"
"('NN', 'tool')","(""''"", ""''"")","('WDT', 'that')","('VB', 'let')","('DT', 'the')"
"('DT', 'a')","('NN', 'problem')","('WDT', 'that')","('PRP', 'I')","('VBP', ""'m"")"
"('IN', 'of')","('VBG', 'farming')","('IN', 'that')","('VBG', 'tackling')","('NN', 'problem')"
"('NN', 'example')","('IN', 'of')","('DT', 'that')","('DT', 'the')","('NN', 'ethanol')"
"('CC', 'But')","('IN', 'if')","('DT', 'that')","('NN', 'thing')","('MD', 'can')"
"('VBP', 'prefer')","('NNS', 'products')","('IN', 'that')","('VBP', 'have')","('VBN', 'been')"
"('IN', 'over')","('NNS', 'products')","('WDT', 'that')","('VBP', 'have')","('VBN', 'been')"
"('PRP', 'we')","('VBD', 'thought')","('IN', 'that')","('EX', 'there')","('MD', 'would')"
"('DT', 'some')","('NNS', 'findings')","('IN', 'that')","('MD', 'would')","('VB', 'support')"
"('DT', 'a')","('NN', 'clue')","('WDT', 'that')","('PRP', 'they')","('VBD', 'did')"
"('VBP', 'aslo')","('VBN', 'said')","('IN', 'that')","('NNS', 'fruits')","('CC', 'and')"
"('CC', 'and')","('NNS', 'vegitables')","('WDT', 'that')","('VBP', 'are')","('VBN', 'made')"
"('VBZ', 'scientists')","('VBN', 'said')","('IN', 'that')","('PRP', 'it')","('VBZ', 'has')"
"('IN', 'before')","('VBG', 'saying')","('IN', 'that')","('PRP', 'it')","('VBZ', 'does')"
"('PRP', 'you')","('VBP', 'think')","('IN', 'that')","('JJ', 'organic')","('NN', 'farming')"
"('RB', 'sometimes')","('VBP', 'say')","('IN', 'that')","('JJ', 'orgamic')","('NN', 'food')"
"('JJ', 'new')","('NN', 'thing')","('WDT', 'that')","('PRP', 'they')","('VBP', 'have')"
"('DT', 'an')","('NN', 'approach')","('WDT', 'that')","('VBZ', 'minimizes')","('DT', 'the')"
"('VBZ', 'seems')","('JJ', 'extraordinary')","('IN', 'that')","('NN', 'food')","('NN', 'production')"
"('RBR', 'more')","('JJ', 'extraordinary')","('IN', 'that')","('CD', 'one')","('VBD', 'suggested')"
"('VB', 'produce')","('NNS', 'crops')","('IN', 'that')","('MD', 'can')","('VB', 'be')"
"('NNS', 'people')","('VBP', 'think')","('IN', 'that')","('JJ', 'organic')","('NN', 'food')"
"('VBP', 'are')","('NNS', 'chemicals')","('IN', 'that')","('NNS', 'helps')","('PRP$', 'our')"
"('NNP', 'James')","('VBD', 'said')","('IN', 'that')","('NNS', 'scientists')","('IN', 'in')"
"('DT', 'the')","('NN', 'way')","('IN', 'that')","('PRP', 'we')","('MD', 'can')"
"('JJ', 'healthy')","('NN', 'food')","('WDT', 'that')","('MD', 'will')","('RB', 'not')"
"('NN', 'farming')","('NNS', 'methods')","('WDT', 'that')","('NNS', 'people')","('VBP', 'have')"
"('NNS', 'people')","('VBP', 'say')","('IN', 'that')","('DT', 'the')","('JJ', 'new')"
"('PRP', 'they')","('VBP', 'think')","('IN', 'that')","('PRP', 'it')","('VBZ', 'is')"
"('JJ', 'natural')","('NN', 'system')","('WDT', 'that')","('MD', 'will')","('VB', 'help')"
"('WP', 'who')","('VBP', 'say')","('IN', 'that')","('DT', 'the')","('JJ', 'traditional')"
"('NNS', 'pesticides')","('IN', 'so')","('IN', 'that')","('PRP', 'it')","('MD', 'can')"
"('IN', 'of')","('NNS', 'insects')","('WDT', 'that')","('NN', 'help')","('IN', 'in')"
"('RB', 'also')","('VBP', 'say')","('IN', 'that')","('WRB', 'when')","('PRP', 'they')"
"('IN', 'of')","('NNS', 'chemicals')","('WDT', 'that')","('NN', 'affect')","('DT', 'the')"
"('JJ', 'delicious')","('CC', 'and')","('IN', 'that')","('MD', 'will')","('VB', 'attract')"
"('NN', 'faster')","('RB', 'so')","('IN', 'that')","('PRP', 'they')","('MD', 'can')"
"('IN', 'of')","('NNS', 'diseases')","('WDT', 'that')","('RB', 'hard')","('TO', 'to')"
"('NN', 'sepread')","('NNS', 'diseases')","('WDT', 'that')","('NNS', 'people')","('MD', 'can')"
"('WP', 'who')","('VBP', 'say')","('IN', 'that')","('JJ', 'organic')","('NN', 'farming')"
"(',', ',')","('VBP', 'prove')","('IN', 'that')","('``', '``')","('NNS', 'fruits')"
"('PRP', 'He')","('VBZ', 'adds')","('IN', 'that')","('RB', 'even')","('DT', 'the')"
"('PRP', 'it')","('VBZ', 'shows')","('IN', 'that')","('EX', 'there')","('VBZ', 'is')"
"('NNS', 'people')","('JJ', 'beilive')","('IN', 'that')","('JJ', 'organic')","('NNS', 'foods')"
"(',', ',')","('VBZ', 'says')","('IN', 'that')","('WRB', 'when')","('JJ', 'organic')"
"('PRP', 'He')","('VBZ', 'adds')","('IN', 'that')","('``', '``')","('DT', 'the')"
"('NNS', 'results')","('VBZ', 'shows')","('IN', 'that')","('VBZ', 'is')","('RB', 'not')"
"('NN', 'study')","('VBP', 'prove')","('IN', 'that')","('NN', 'organice')","('NNS', 'foods')"
"('NN', 'alleviating')","('NN', 'fame')","('WDT', 'that')","('NN', 'exist')","('IN', 'in')"
"('DT', 'this')","('NN', 'problem')","('IN', 'that')","('DT', 'the')","('NNS', 'people')"
"('NNS', 'people')","('VBG', 'thing')","('IN', 'that')","('JJ', 'conventional')","('NNS', 'foods')"
"('JJ', 'harmful')","('NNS', 'matrials')","('WDT', 'that')","('NN', 'cause')","('NN', 'problem')"
"('NN', 'resarcher')","('VBD', 'noticed')","('IN', 'that')","('JJ', 'organic')","('NN', 'food')"
"('RBR', 'more')","('JJ', 'nutritious')","('IN', 'that')","('JJ', 'conventional')","('NN', 'agriculture')"
"('JJ', 'second')","('NN', 'reason')","('WDT', 'that')","('JJ', 'oraganic')","('NN', 'food')"
"('JJ', '.Fisher')","('NN', 'siad')","('WDT', 'that')","('``', '``')","('NNP', 'Organic')"
"('NN', 'researcher')","('NN', 'thing')","('WDT', 'that')","('JJ', 'conventional')","('NN', 'food')"
"('IN', 'of')","('NNS', 'materals')","('WDT', 'that')","('VBP', 'make')","('DT', 'the')"
"('PRP', 'I')","('VBP', 'think')","('IN', 'that')","('JJ', 'organic')","('NN', 'agrculture')"
"('CD', 'one')","('NN', 'principle')","('WDT', 'that')","('DT', 'the')","('NNS', 'governments')"
"('JJ', 'easy')","('NN', 'task')","('WDT', 'that')","('PRP', 'we')","('VBP', 'have')"
"('NN', 'smart')","('NN', 'solution')","('WDT', 'that')","('MD', 'would')","('VB', 'have')"
"('JJ', 'real')","('NN', 'solution')","('WDT', 'that')","('MD', 'can')","('VB', 'prevent')"
"('JJ', 'worthwhile')","('NN', 'thing')","('WDT', 'that')","('DT', 'the')","('JJ', 'current')"
"('JJ', 'natural')","('NNS', 'sources')","('WDT', 'that')","('MD', 'can')","('VB', 'provide')"
"('DT', 'The')","('NN', 'fact')","('IN', 'that')","('DT', 'the')","('JJ', 'organic')"
"('JJ', 'valuable')","('JJ', 'nutritious')","('IN', 'that')","('VBP', 'are')","('JJ', 'paramount')"
"('NN', 'choice')","('CC', 'but')","('IN', 'that')","('VBP', 'do')","('RB', 'not')"
"('JJ', 'great')","('NN', 'option')","('WDT', 'that')","('PRP', 'we')","('MD', 'should')"
"('DT', 'an')","('NN', 'alternative')","('IN', 'that')","('VBZ', 'has')","('VBN', 'paramount')"
"('JJ', 'inherant')","('NNS', 'consequences')","('WDT', 'that')","('MD', 'can')","('VB', 'destroy')"
"('JJ', 'many')","('NNS', 'changes')","('WDT', 'that')","('VBP', 'have')","('VBN', 'been')"
"('WDT', 'which')","('NNS', 'states')","('WDT', 'that')","('DT', 'the')","('JJ', 'organic')"
"('DT', 'the')","('NN', 'food')","('IN', 'that')","('NN', 'come')","('IN', 'from')"
"('CC', 'but')","('VBZ', 'is')","('IN', 'that')","('JJ', 'right')","('.', '?')"
"('JJ', 'many')","('NNS', 'things')","('WDT', 'that')","('DT', 'the')","('JJ', 'conventional')"
"('CC', 'and')","('NNS', 'materials')","('WDT', 'that')","('VBP', 'are')","('RB', 'frindly')"
"('JJ', 'common')","('NN', 'sense')","('IN', 'that')","('DT', 'the')","('JJR', 'less')"
"('VB', 'be')","('VBN', 'concluded')","('IN', 'that')","('DT', 'the')","('JJ', 'organic')"
"('JJ', 'good')","('NN', 'option')","('WDT', 'that')","('MD', 'could')","('VB', 'be')"
"('JJ', 'good')","('NNS', 'effects')","('WDT', 'that')","('DT', 'the')","('JJ', 'organic')"
"('JJ', 'natural')","('NNS', 'materials')","('WDT', 'that')","('DT', 'the')","('JJ', 'organic')"
"('PRP', 'I')","('VBP', 'ate')","('IN', 'that')","('VBD', 'was')","('RB', 'not')"
"('VBN', 'been')","('VBN', 'concluded')","('IN', 'that')","('EX', 'there')","('VBP', 'are')"
"(',', ',')","('VBG', 'knowing')","('IN', 'that')","('PRP$', 'your')","('NN', 'food')"
"('JJ', 'organic')","('NN', 'food')","('WDT', 'that')","('MD', 'would')","('VB', 'convince')"
"('VBN', 'own')","('NNS', 'reasones')","('IN', 'that')","('NN', 'support')","('PRP$', 'their')"
"('DT', 'the')","('NNS', 'preductions')","('WDT', 'that')","('NN', 'use')","('VBP', 'conventional')"
"('JJ', 'chemical')","('NNS', 'substances')","('WDT', 'that')","('MD', 'could')","('VB', 'be')"
"('NN', 'result')","('IN', 'of')","('DT', 'that')","(',', ',')","('NNS', 'people')"
"('DT', 'the')","('NNS', 'benefits')","('WDT', 'that')","('NN', 'reflict')","('IN', 'from')"
"('POS', ""'s"")","('NN', 'aim')","('IN', 'that')","('MD', 'will')","('VB', 'be')"
"('DT', 'a')","('NN', 'method')","('WDT', 'that')","('VBZ', 'aims')","('TO', 'to')"
"('CC', 'and')","('NNS', 'fruits')","('WDT', 'that')","('VBP', 'are')","('JJ', 'healthy')"
"('IN', 'for')","('PRP', 'us')","('IN', 'that')","('DT', 'this')","('NN', 'way')"
"('JJ', 'only')","('NN', 'way')","('IN', 'that')","('JJ', 'provied')","('PRP', 'us')"
"('DT', 'the')","('NNS', 'procceses')","('WDT', 'that')","('NN', 'food')","('VBP', 'go')"
"('DT', 'the')","('NNS', 'ways')","('WDT', 'that')","('NNS', 'farmers')","('VBP', 'use')"
"('DT', 'the')","('NNS', 'methodes')","('WDT', 'that')","('VBP', 'have')","('VBN', 'been')"
"('NNS', 'people')","('JJ', 'beleive')","('IN', 'that')","('JJ', 'organic')","('NN', 'farming')"
"('NN', 'food')","(',', ',')","('IN', 'that')","('MD', 'will')","('RB', 'not')"
"('PRP', 'he')","('VBD', 'said')","('IN', 'that')","('DT', 'the')","('NN', 'amount')"
"('PRP', 'we')","('VB', 'trust')","('IN', 'that')","('DT', 'the')","('NN', 'pesticide')"
"('DT', 'the')","('NNS', 'ways')","('WDT', 'that')","('DT', 'some')","('NNS', 'farmers')"
"('NN', 'health')","(',', ',')","('IN', 'that')","('VBZ', 'is')","('JJ', 'due')"
"('RBR', 'more')","('IN', 'than')","('DT', 'that')","(':', ':')","('PRP', 'it')"
"('PRP', 'we')","('VB', 'trust')","('IN', 'that')","('DT', 'these')","('NNS', 'chemicals')"
"('VBG', 'living')","('JJR', 'longer')","('IN', 'that')","('NNS', 'people')","('NN', 'today')"
"('NN', 'addition')","('IN', 'of')","('DT', 'that')","(',', ',')","('JJ', 'conventional')"
"('VBG', 'using')","('NNS', 'pesticides')","('WDT', 'that')","('MD', 'might')","('VB', 'be')"
"('VB', 'have')","('NN', 'food')","('WDT', 'that')","('VBZ', 'is')","('VBP', 'natureal')"
"('VBG', 'having')","('NN', 'food')","('IN', 'that')","('VBZ', 'has')","('VBN', 'been')"
"('DT', 'the')","('NNS', 'chemicals')","('WDT', 'that')","('VBP', 'are')","('RB', 'not')"
"('NN', 'evrey')","('NN', 'thin')","('WDT', 'that')","('VBZ', 'is')","('VBG', 'happening')"
"('JJ', 'only')","('NN', 'thing')","('WDT', 'that')","('MD', 'can')","('VB', 'save')"
"('JJ', 'comfortable')","('NN', 'chair')","('WDT', 'that')","('NN', 'fit')","('DT', 'the')"
"('DT', 'the')","('NNS', 'factors')","('DT', 'that')","('MD', 'may')","('VB', 'help')"
"('JJ', 'significant')","('NNS', 'factors')","('WDT', 'that')","('MD', 'might')","('VB', 'fit')"
"('DT', 'each')","('NN', 'worker')","('IN', 'that')","('NN', 'reflx')","('IN', 'on')"
"('JJ', 'fit')","('NN', 'chair')","('WDT', 'that')","('VB', 'make')","('VBP', 'hime')"
"('VBG', 'having')","('NNS', 'chairs')","('WDT', 'that')","('VBP', 'make')","('DT', 'all')"
"('PRP', 'them')","('VBP', 'claim')","('IN', 'that')","('PRP', 'it')","('VBZ', 'is')"
"('JJ', 'many')","('NNS', 'factors')","('WDT', 'that')","('NN', 'detrmine')","('DT', 'the')"
"('NN', 'author')","('VBZ', 'says')","('IN', 'that')","('JJS', 'most')","('IN', 'of')"
"('DT', 'the')","('NN', 'chair')","('IN', 'that')","('PRP', 'they')","('VBP', 'are')"
"('NN', 'auther')","('VBZ', 'claims')","('IN', 'that')","('VBG', 'sitting')","('CC', 'or')"
"('JJS', 'best')","('NN', 'chair')","('WDT', 'that')","('PRP', 'they')","('VBP', 'possible')"
"('NNP', 'Berlin')","('VBZ', 'thinks')","('IN', 'that')","('DT', 'a')","('JJ', 'good')"
"('VBN', 'used')","('IN', 'in')","('DT', 'that')","('NN', 'office')","('.', '.')"
"('JJ', 'modern')","('NNS', 'chairs')","('WDT', 'that')","('MD', 'will')","('VB', 'help')"
"('IN', 'in')","('NNS', 'offices')","('WDT', 'that')","('PRP', 'they')","('VBP', 'use')"
"('DT', 'no')","('NN', 'doubt')","('IN', 'that')","('NN', 'everyone')","('VBZ', 'has')"
"('DT', 'a')","('NN', 'habit')","('WDT', 'that')","('PRP', 'they')","('VBP', 'use')"
"('DT', 'the')","('NNS', 'consequenses')","('WDT', 'that')","('PRP', 'they')","('VBP', 'know')"
"('DT', 'the')","('NN', 'way')","('IN', 'that')","('NN', 'someone')","('NN', 'use')"
"('VBZ', 'is')","('JJ', 'true')","('IN', 'that')","('NN', 'thay')","('PRP', 'they')"
"('NNS', 'studies')","('VBP', 'show')","('IN', 'that')","('NN', 'spending')","('DT', 'all')"
"('DT', 'some')","('NNS', 'materials')","('WDT', 'that')","('VBP', 'make')","('PRP', 'you')"
"('PRP', 'I')","('VBP', 'think')","('IN', 'that')","('WRB', 'how')","('TO', 'to')"
"('DT', 'That')","('VBZ', 'indicates')","('IN', 'that')","('DT', 'the')","('NN', 'position')"
"('IN', 'on')","('NN', 'chair')","('IN', 'that')","('NNS', 'offers')","('PRP', 'you')"
"(',', ',')","('VBD', 'recommended')","('IN', 'that')","('NN', 'head')","(',', ',')"
"('JJ', 'essential')","('NN', 'factor')","('WDT', 'that')","('NN', 'contribute')","('TO', 'to')"
"('NNS', 'people')","('VBP', 'think')","('IN', 'that')","('DT', 'the')","('NN', 'way')"
"('DT', 'the')","('NN', 'body')","('IN', 'that')","('NN', 'need')","('TO', 'to')"
"('NNS', 'scientists')","('VBD', 'said')","('IN', 'that')","('NN', 'sitting')","('RB', 'comfortably')"
"('WP', 'who')","('VBD', 'said')","('IN', 'that')","('NN', 'comfort')","('CC', 'and')"
"('VBD', 'found')","('RP', 'out')","('IN', 'that')","('PRP', 'it')","('VBZ', ""'s"")"
"('POS', ""'s"")","('NNS', 'articles')","('IN', 'that')","('VBZ', 'says')","(':', '(')"
"('PRP$', 'his')","('NN', 'article')","('IN', 'that')","('NNP', 'Knoll')","('VBP', 'have')"
"('JJ', 'new')","('NN', 'chair')","('WDT', 'that')","('VBZ', 'is')","('JJR', 'lighter')"
"('IN', 'of')","('JJ', 'plastic')","('IN', 'that')","('PRP', 'they')","('MD', 'can')"
"('NNP', 'ReGeneration')","('VBZ', 'is')","('IN', 'that')","('PRP', 'it')","('VBZ', 'is')"
"('VBZ', 'is')","('JJ', 'obvious')","('IN', 'that')","('WP', 'what')","('PRP', 'you')"
"('DT', 'Another')","('NN', 'thing')","('WDT', 'that')","(',', ',')","('WP', 'what')"
"('JJ', 'comfortable')","('NN', 'way')","('IN', 'that')","('PRP', 'you')","('MD', 'can')"
"('JJ', 'flexable')","('NNS', 'chairs')","('WDT', 'that')","('NN', 'overcome')","('DT', 'all')"
"('NN', 'desk')","('NN', 'chair')","('WDT', 'that')","('JJ', 'sutable')","('CC', 'and')"
"('NN', 'health')","('NN', 'problem')","('IN', 'that')","('JJ', 'related')","('TO', 'to')"
"('IN', 'of')","('NN', 'health')","('IN', 'that')","('DT', 'the')","('NNS', 'employeers')"
"('PRP', 'I')","('VBP', 'believe')","('IN', 'that')","('DT', 'the')","('NNS', 'employeers')"
"('VBP', 'have')","('VBN', 'shown')","('IN', 'that')","('NN', 'sitting')","('IN', 'for')"
"(',', ',')","('CC', 'and')","('IN', 'that')","('IN', 'because')","('IN', 'of')"
"('PRP', 'he')","('NN', 'mention')","('IN', 'that')","('CD', 'one')","('IN', 'of')"
"('NNP', 'Berlin')","('NN', 'argue')","('IN', 'that')","('PRP', 'he')","('VBZ', 'says')"
"('NN', 'chair')","('VBZ', 'is')","('IN', 'that')","('DT', 'the')","('NNS', 'employeers')"
"('NNS', 'employeers')","('VBP', 'believe')","('IN', 'that')","('JJ', 'uncomfortable')","('NN', 'chair')"
"('NNP', 'Devid')","('VBD', 'said')","('IN', 'that')","('DT', 'the')","('NN', 'chair')"
"('DT', 'the')","('JJ', 'opposite')","('IN', 'that')","('DT', 'the')","('NN', 'chair')"
"('DT', 'the')","('NN', 'fact')","('IN', 'that')","('VBG', 'sitting')","('IN', 'on')"
"('JJ', 'Scientist')","('NN', 'suggest')","('WDT', 'that')","('EX', 'there')","('VBZ', 'is')"
"('VBP', 'afford')","('IN', 'because')","('DT', 'that')","('VBZ', 'is')","('IN', 'on')"
"('DT', 'a')","('NN', 'friend')","('WDT', 'that')","('PRP', 'we')","('MD', 'can')"
"('JJ', 'important')","('NN', 'thing')","('WDT', 'that')","('PRP', 'we')","('VBP', 'require')"
"('PRP', 'you')","('VBP', 'think')","('IN', 'that')","('DT', 'the')","('VBG', 'sitting')"
"('JJ', 'many')","('NNS', 'developements')","('WDT', 'that')","('VBD', 'happened')","('IN', 'during')"
"('NNS', 'researchers')","('VBP', 'ensure')","('IN', 'that')","('DT', 'the')","('NNS', 'situations')"
"('DT', 'the')","('NNS', 'situations')","('WDT', 'that')","('VBP', 'are')","('VBN', 'taken')"
"('DT', 'an')","('NNS', 'recommendations')","('WDT', 'that')","('VBP', 'are')","('VBN', 'related')"
"('IN', 'of')","('NNS', 'chairs')","('WDT', 'that')","('IN', 'heraby')","('NN', 'cuase')"
"('JJ', 'many')","('NNS', 'changes')","('WDT', 'that')","('VBD', 'happened')","('IN', 'during')"
"('DT', 'the')","('NN', 'material')","('IN', 'that')","('VBN', 'made')","('IN', 'of')"
"('CD', 'two')","('NNS', 'views')","('WDT', 'that')","('VBP', 'are')","('JJ', 'different')"
"('DT', 'the')","('NN', 'opinion')","('IN', 'that')","('VBZ', 'says')","('IN', 'that')"
"('IN', 'that')","('VBZ', 'says')","('IN', 'that')","('NNS', 'people')","('MD', 'must')"
"('JJ', 'many')","('NNS', 'situations')","('WDT', 'that')","('VBP', 'are')","('VBN', 'related')"
"('JJ', 'seccessful')","('NN', 'solution')","('WDT', 'that')","('VBZ', 'is')","('RBR', 'more')"
"('NN', 'author')","('VBZ', 'explains')","('IN', 'that')","('WP', 'what')","('NNS', 'people')"
"('RBS', 'most')","('NNS', 'importantis')","('WDT', 'that')","('DT', 'the')","('NNS', 'chairs')"
"('NN', 'designing')","('IN', 'of')","('DT', 'that')","('NNS', 'chairs')","('VBP', 'are')"
"('DT', 'the')","('NN', 'way')","('IN', 'that')","('VBZ', 'is')","('JJ', 'comfortable')"
"('IN', 'of')","('NN', 'equipment')","('IN', 'that')","('NN', 'support')","('DT', 'the')"
"('IN', 'of')","('NNS', 'materials')","('WDT', 'that')","('VBP', 'make')","('PRP', 'us')"
"('NNS', 'people')","('VBP', 'think')","('IN', 'that')","('DT', 'the')","('NN', 'way')"
"('TO', 'to')","('VB', 'clarify')","('IN', 'that')","('IN', 'if')","('PRP', 'we')"
"('IN', 'with')","('NN', 'postion')","('IN', 'that')","('PRP', 'we')","('VBP', 'feel')"
"('VBZ', 'is')","('JJR', 'shorter')","('IN', 'that')","('PRP', 'him')","(',', ',')"
"('DT', 'the')","('NN', 'way')","('IN', 'that')","('PRP', 'he')","('VBZ', 'feels')"
"('TO', 'to')","('PRP', 'us')","('IN', 'that')","('DT', 'the')","('NNS', 'chairs')"
"('DT', 'the')","('NN', 'way')","('IN', 'that')","('VBZ', 'is')","('JJ', 'appropriate')"
"('IN', 'in')","('NN', 'way')","('IN', 'that')","('VBZ', 'is')","('JJ', 'good')"
"('DT', 'the')","('NNS', 'materials')","('WDT', 'that')","('VBP', 'make')","('DT', 'the')"
"('IN', 'with')","('NNS', 'materials')","('IN', 'that')","('VBP', 'are')","('IN', 'from')"
"('DT', 'a')","('NN', 'chair')","('WDT', 'that')","('VBN', 'made')","('IN', 'of')"
"('VBP', 'are')","('VBG', 'sitting')","('IN', 'that')","('VBZ', 'is')","('JJ', 'uncomfortable')"
"('JJ', 'many')","('NNS', 'factors')","('WDT', 'that')","('MD', 'could')","('VB', 'lead')"
"('VBZ', 'is')","('JJ', 'important')","('IN', 'that')","('DT', 'the')","('NNS', 'chairs')"
"('NN', 'seating')","('NN', 'plan')","('WDT', 'that')","('PRP', 'I')","('VBP', 'prepare')"
"('NN', 'client')","('IN', 'so')","('IN', 'that')","('WRB', 'when')","('PRP', 'they')"
"('VBD', 'was')","('JJ', 'imprtant')","('IN', 'that')","('PRP', 'we')","('VBD', 'were')"
"('JJ', 'top')","('IN', 'of')","('DT', 'that')","(',', ',')","('PRP', 'they')"
"('VB', 'chose')","('NNS', 'chairs')","('WDT', 'that')","('NN', 'fit')","('TO', 'to')"
"('IN', 'Because')","('IN', 'of')","('DT', 'that')","(',', ',')","('RBS', 'most')"
"('CC', 'and')","('VB', 'desk')","('IN', 'that')","('NN', 'fit')","('TO', 'to')"
"('IN', 'Because')","('IN', 'of')","('DT', 'that')","(',', ',')","('NN', 'employee')"
"('DT', 'the')","('NN', 'chair')","('IN', 'that')","('VBN', 'qualified')","('TO', 'to')"
"('NN', 'chair')","('NN', 'product')","('WDT', 'that')","('VB', 'provide')","('JJ', 'many')"
"('VB', 'use')","('NNS', 'materials')","('WDT', 'that')","('NN', 'help')","('DT', 'the')"
"('VBP', 'are')","('JJ', 'diffrent')","('IN', 'that')","('DT', 'the')","('NN', 'office')"
"('PRP', 'They')","('VBD', 'foud')","('IN', 'that')","('``', '``')","('PRP', 'it')"
"('DT', 'That')","('NN', 'show')","('IN', 'that')","('NNS', 'people')","('VBP', 'need')"
"('VBZ', 'points')","('RP', 'out')","('IN', 'that')","('IN', 'in')","('DT', 'the')"
"('PRP', 'He')","('VBZ', 'says')","('IN', 'that')","('JJ', 'human')","('NN', 'body')"
"('JJ', 'other')","('NN', 'furnature')","('IN', 'that')","('MD', 'should')","('RB', 'not')"
"('NN', 'importent')","('NNS', 'quaities')","('WDT', 'that')","('PRP$', 'his')","('NN', 'chair')"
"('NN', 'thing')","('VBZ', 'is')","('IN', 'that')","('IN', 'about')","('NN', 'hafe')"
"('NN', 'hafe')","('IN', 'of')","('DT', 'that')","('NN', 'chair')","('VBZ', 'is')"
"('VBZ', 'semms')","('VBN', 'weired')","('IN', 'that')","('NNS', 'people')","('VBD', 'spent')"
"('VBD', 'were')","('VBG', 'anticipating')","('IN', 'that')","(',', ',')","('RB', 'however')"
"('PRP', 'I')","('VBP', 'think')","('IN', 'that')","('JJ', 'provide')","('DT', 'a')"
"('DT', 'the')","('NN', 'way')","('IN', 'that')","('NNS', 'people')","('VBP', 'sit')"
"('JJ', 'great')","('NN', 'furniture')","('WDT', 'that')","('VBZ', 'makes')","('PRP', 'me')"
"('DT', 'the')","('NN', 'way')","('IN', 'that')","('NNS', 'people')","('VBP', 'use')"
"('IN', 'for')","('NNS', 'people')","('WDT', 'that')","('PRP', 'they')","('VBP', 'change')"
"('NNP', 'I')","('VBP', 'think')","('IN', 'that')","('PRP', 'we')","('MD', 'should')"
"('DT', 'the')","('NN', 'dream')","('IN', 'that')","('PRP', 'they')","('VBP', 'have')"
"('NNS', 'people')","('VBP', 'think')","('IN', 'that')","('DT', 'the')","('NN', 'chair')"
"('JJ', 'many')","('NNS', 'factors')","('WDT', 'that')","('MD', 'could')","('VB', 'help')"
"('NN', 'break')","('CC', 'and')","('IN', 'that')","('MD', 'could')","('VB', 'be')"
"('PRP', 'I')","('VBP', 'believe')","('IN', 'that')","('WP', 'what')","('NNS', 'workers')"
"('MD', 'can')","('VB', 'say')","('IN', 'that')","('PRP', 'it')","('VBZ', ""'s"")"
"('DT', 'the')","('NN', 'comfort')","('IN', 'that')","('PRP', 'we')","('VBP', 'need')"
"('NN', 'study')","('VBZ', 'claims')","('IN', 'that')","('VBG', 'sitting')","('DT', 'all')"
"('JJ', 'vital')","('NNS', 'things')","('WDT', 'that')","('VBN', 'considered')","('TO', 'to')"
